S_ID,STAR
1,Clint Eastwood
2,Donald Sutherland
3,Michael Caine
4,Adrienne Barbeau
5,Tony Danza
6,Jean Martin
7,Kurt Russell
8,Albert Brooks
9,Brooke Shields
10,Kirk Douglas
11,Jill Clayburgh
12,John Ritter
13,Paul Michael Glaser
14,Mel Brooks
15,Jeff Bridges
16,Craig Wasson
17,Kristy McNichol
18,Richard Pryor
19,Richard Dreyfuss
20,Vera Alentova
21,Ringo Starr
22,Leif Garrett
23,Henry Winkler
24,Sally Field
25,Bob Geldof
26,Barry Bostwick
27,James Olson
28,Ronny Cox
29,Michael Ironside
30,Robert Urich
31,Ken Marshall
32,Nicolas Cage
33,James Woods
34,Anthony Perkins
35,Burt Lancaster
36,Barbra Streisand
37,Mary Beth McDonough
38,Lou Ferrigno
39,Christopher Atkins
40,Jane Alexander
41,Pia Zadora
42,Ernest Borgnine
43,Heather Langenkamp
44,Kevin Bacon
45,Harry Dean Stanton
46,Grant Cramer
47,Sam Waterston
48,Joe Morton
49,Pascale Ogier
50,Don Ameche
51,John Cusack
52,Paul Reubens
53,Lori Cardille
54,Bruno Lawrence
55,Stan Ivar
56,Kurt McKinney
57,Ken Ogata
58,Christopher Walken
59,Tony Roberts
60,Paul McCartney
61,Sean Astin
62,Chris Sarandon
63,John Murray
64,Margarita Lozano
65,Norma Aleandro
66,Georgia Engel
67,Susan Dey
68,Kader Boukhanef
69,Thom Mathews
70,Jean-Hugues Anglade
71,Jason Lively
72,John Lithgow
73,Dirk Benedict
74,Whoopi Goldberg
75,Linda Carol
76,Michael Schoeffling
77,Blythe Danner
78,Wayne Crawford
79,Andrew Robinson
80,Patrick Dempsey
81,John Lone
82,Anthony Newley
83,Madonna
84,Linnea Quigley
85,Anjelica Huston
86,Bill Paxton
87,Sergio Rubini
88,Darren Robinson
89,Willem Dafoe
90,Jean-Marc Barr
91,Doug Bradley
92,George Dzundza
93,Scott Grimes
94,Eric Bogosian
95,Keanu Reeves
96,Kenneth Branagh
97,Kirk Cameron
98,Holly Hunter
99,Michael Chiklis
100,Jesse Birdsall
101,Jonathan Emerson
102,Liam Neeson
103,Alex Vincent
104,Michael Oliver
105,Gary Kemp
106,Richard Alexander
107,Patrick Bergin
108,Helena Bonham Carter
109,Brian Kerwin
110,Christian Bale
111,Dexter Fletcher
112,Dorota Segda
113,Michel Blanc
114,Macaulay Culkin
115,Anne Parillaud
116,Alan Young
117,Tim Roth
118,Christina Applegate
119,Fabrice Luchini
120,Cuba Gooding Jr.
121,Frank Whaley
122,John Turturro
123,Irène Jacob
124,Juliette Binoche
125,Miki Imai
126,Nina Siemaszko
127,Ed O'Neill
128,Ned Beatty
129,John Goodman
130,Alfred Molina
131,Diego Abatantuono
132,Elias Koteas
133,Sachiko Murase
134,Anthony LaPaglia
135,Daniel Giménez Cacho
136,Brendan Fraser
137,Daniel Auteuil
138,Samuel Fröler
139,Mike Dytri
140,Peter Greene
141,Jason Scott Lee
142,Helena Bergström
143,Damian Chapa
144,Christian Clavier
145,Michael Crawford
146,Darci Kistler
147,Jean Reno
148,Woody Harrelson
149,Linda Fiorentino
150,Lara Flynn Boyle
151,Toni Collette
152,Rena Owen
153,Nigel Hawthorne
154,Sophia Loren
155,Mackenzie Astin
156,Stefano Dionisi
157,Nikita Mikhalkov
158,Jack Thompson
159,Patricia Arquette
160,Ice Cube
161,Emma Thompson
162,Schuyler Fisk
163,Ian McKellen
164,Luke Wilson
165,Kim Bodnia
166,Mike Judge
167,Pamela Anderson
168,Shaquille O'Neal
169,Michelle Trachtenberg
170,Vincent Perez
171,Jerry O'Connell
172,Melvil Poupaud
173,Giovanni Ribisi
174,Greg Kinnear
175,Tammy Lauren
176,Will Friedle
177,Llyr Ifans
178,Rachel Weisz
179,Jason Flemyng
180,Nas
181,Loni Anderson
182,Natasha Lyonne
183,George Hearn
184,Paul Walker
185,Brenda Blethyn
186,Heather Donahue
187,Jude Law
188,Craig Bierko
189,Juliette Lewis
190,Elayn J. Taylor
191,David Arquette
192,Jung Suh
193,Lars Nordh
194,Xun Zhou
195,Mark Dacascos
196,Katrin Cartlidge
197,Gregg Fitzgerald
198,Maggie Cheung
199,Homayoun Ershadi
200,Peter Fonda
201,Jeffrey Falcon
202,Ian Michael Smith
203,Najwa Nimri
204,Charlize Theron
205,Rebecca Pidgeon
206,Adrien Brody
207,Christian Campbell
208,Emily Perkins
209,Christine Cavanaugh
210,Marie-Josée Croze
211,Alyssa Milano
212,Chyler Leigh
213,Josh Hartnett
214,Jay Chandrasekhar
215,Julia Stiles
216,Kane Hodder
217,Haruhiko Katô
218,Beau Billingslea
219,Juliane Köhler
220,Hector Elizondo
221,Parminder Nagra
222,Sergey Dreyden
223,Mars Callahan
224,Jeremy Sumpter
225,Jessica Biel
226,Sid Haig
227,Kate Hudson
228,Tony Jaa
229,Preity Zinta
230,Jamie Kennedy
231,Andreas Wilson
232,Erik von Detten
233,Emile Hirsch
234,Natalie Press
235,Dwayne Adway
236,Omarion
237,Imelda Staunton
238,Paul Kaye
239,Jang Dong-Gun
240,Kôji Imada
241,Orlando Bloom
242,Owen Kline
243,Kimberly Elise
244,Kuno Becker
245,Barney Clark
246,Felicity Huffman
247,Justin Long
248,Carice van Houten
249,Channing Tatum
250,Jon Foster
251,Anders Danielsen Lie
252,Danny Dyer
253,Jason Behr
254,Elliot Page
255,Ryan Kwanten
256,Belén Rueda
257,Jess Weixler
258,Alexander Ludwig
259,Patrick Carroll
260,Kåre Hedebrant
261,Robert Hoffman
262,Saoirse Ronan
263,Hye-ja Kim
264,Paulina Gaitan
265,Evan McGuire
266,Dario Yazbek Bernal
267,Sarah Butler
268,Paul Bettany
269,James Rolleston
270,Tyler Labine
271,Otto Jespersen
272,Craig Roberts
273,Kôji Yakusho
274,Jeon Do-yeon
275,Danielle Harris
276,Russell Brand
277,Thomas Mann
278,Luke Evans
279,Dree Hemingway
280,Jesse McCartney
281,Ingrid Bolsø Berdal
282,Ari Graynor
283,Fernanda Andrade
284,Miles Teller
285,Sophie Nélisse
286,Christoph Waltz
287,Frank Grillo
288,Ryan Potter
289,Zoey Deutch
290,Gabriella Wilde
291,Andy Powers
292,Ryan Guzman
293,Melissa McCarthy
294,Edgar Ramírez
295,Mae Whitman
296,Kate Mara
297,Priscilla C. Shirer
298,Auli'i Cravalho
299,Lauren Cohan
300,Ferdia Walsh-Peelo
301,Stephan James
302,Eili Harboe
303,Stan Shaw
304,Maryana Spivak
305,Owen Campbell
306,Nahuel Pérez Biscayart
307,Pat Healy
308,Constance Wu
309,Hannah Murray
310,Thomasin McKenzie
311,Spencer Reinhard
312,Taissa Farmiga
313,Lucas Hedges
314,Odessa Young
315,Jakob Cedergren
316,Myles Truitt
317,Emelie Garbers
318,Zachary Levi
319,Dean-Charles Chapman
320,Samara Weaving
321,Jake Schur
322,Neil Young
323,Juan Barberini
324,Mi-ran Ra
325,Cole Allen
326,Anne-Élisabeth Bossé
327,Onyama Laura
328,Simon Pegg
329,Julian Morris
330,Toby Jones
331,Karra Elejalde
332,Larry Bishop
333,Chris Hemsworth
334,Muhammet Uzuner
335,Natasha Calis
336,Benedict Cumberbatch
337,Sullivan Stapleton
338,Kitana Kiki Rodriguez
339,Shameik Moore
340,Olivia Wilde
341,Jessica Brown Findlay
342,Ha Jung-woo
343,Deepika Padukone
344,Isabela Merced
345,Brett Varvel
346,Louis Koo
347,Bo Huang
348,Kristina Klebe
349,Gina Rodriguez
401,Robert Hays
402,Chevy Chase
403,Robin Williams
404,Christopher Reeve
405,Jane Fonda
406,John Travolta
407,Chuck Norris
408,Meat Loaf
409,James Caan
410,Gene Hackman
411,Olivia Newton-John
412,Paul Le Mat
413,Treat Williams
414,Peter MacNicol
415,Wilhelmenia Fernandez
416,John Savage
417,Michelle Pfeiffer
418,Kenny Rogers
419,Barbara Hershey
420,Harrison Ford
421,Bill Murray
422,Christopher George
423,Dustin Hoffman
424,Tom Atkins
425,Peter Gallagher
426,Jessica Lange
427,Michael Palin
428,Lorne Greene
429,Amy Madigan
430,Wendy Hughes
431,Felissa Rose
432,Jackie Gleason
433,Peter Strauss
434,David Niven
435,Kelly Reno
436,Everett Silas
437,Zach Galligan
438,Judy Davis
439,Lucinda Dickey
440,Matthew Modine
441,Lilyan Chauvin
442,James Garner
443,Teri Garr
444,Anne Bancroft
445,Liv Ullmann
446,Greg Bradford
447,Taimak
448,Mary Beth Hurt
449,Michael Dudikoff
450,Anton Glanzelius
451,Rainer Werner Fassbinder
452,Jeffrey Byron
453,Jan-Michael Vincent
454,Lisa Blount
455,Steve Bisley
456,Jonathan Pryce
457,Lewis Smith
458,Joe Colligan
459,Glenn Close
460,Daniel Jenkins
461,Roland Giraud
462,Glenda Jackson
463,Wil Wheaton
464,Ally Sheedy
465,Louis Gossett Jr.
466,Lucy Deakins
467,Daryl Hannah
468,Tracy Camilla Johns
469,Kyôko Koizumi
470,Noam Almaz
471,Karen Black
472,Assumpta Serna
473,James Karen
474,Kristina Nehm
475,Derek de Lint
476,Andre Gower
477,Terry O'Quinn
478,Jim Varney
479,Lindsay Crouse
480,Christine Lahti
481,Emmanuelle Chaulet
482,Joëlle Miquel
483,Loren Avedon
484,James Russo
485,Heather Thomas
486,Zelda Rubinstein
487,Elaine Stritch
488,Joanne Woodward
489,Sally Kirkland
490,Winona Ryder
491,Annabeth Gish
492,Catherine Hicks
493,Geena Davis
494,Shawnee Smith
495,Terry Kiser
496,Isaach De Bankolé
497,Jennifer Rubin
498,Amy Irving
499,Randy Quaid
500,Stephen Shellen
501,Sam Elliott
502,Fred Ward
503,James Lorinz
504,Akira Terao
505,Marlon Brando
506,Carolyn Farina
507,Solomon Perel
508,John Erwin
509,Paul Hogan
510,Joey Cramer
511,Sally Kellerman
512,Donald Pleasence
513,Tim Daly
514,Richard Bohringer
515,Keith Coogan
516,Jenny Seagrove
517,Frances McDormand
518,Anne Teyssèdre
519,Tilda Swinton
520,Takaaki Enoki
521,Anna Chlumsky
522,Glen Campbell
523,Scott Bakula
524,Vanilla Ice
525,Jeff Speakman
526,Hugo Weaving
527,Tommy Davidson
528,Jacques Dutronc
529,Samantha Mathis
530,D.B. Sweeney
531,Terence Knox
532,Paul Mercurio
533,George Strait
534,Andy Garcia
535,Brandon Lee
536,Fernando Fernán Gómez
537,Trisha Todd
538,Michael Rapaport
539,Andie MacDowell
540,Reese Witherspoon
541,Paul Gross
542,Dennis Haysbert
543,Diane Ladd
544,Nanni Moretti
545,Brian Bonsall
546,Jeremy Piven
547,Jeni Courtney
548,Jack Palance
549,Mohamad Ali Keshavarz
550,Lisa Donaldson
551,Laura Linney
552,Elizabeth Berkley
553,Jonny Lee Miller
554,Christina Ricci
555,Atsuko Tanaka
556,Whitney Houston
557,Olivier Martinez
558,Jimmy Smits
559,Cameron Diaz
560,Neve Campbell
561,Jennifer Tilly
562,Tony Shalhoub
563,Gwyneth Paltrow
564,Ben Stiller
565,Jermaine Hopkins
566,Yôji Matsuda
567,Nathan Lane
568,Vanessa Williams
569,Jason David Frank
570,Tupac Shakur
571,Paul McGann
572,Til Schweiger
573,David Duchovny
574,Julia Ormond
575,Michael Richards
576,Janeane Garofalo
577,Jane Adams
578,Ryan Phillippe
579,Franka Potente
580,Carlo Cecchi
581,Elizabeth Daily
582,LisaRaye McCoy
583,Stephen McCole
584,Kathleen Fee
585,Frances O'Connor
586,Taye Diggs
587,Behzad Dorani
588,Michael Dobson
589,Loren Dean
590,Joachim Król
591,Hossein Mahjoub
592,Émilie Dequenne
593,Monica Bellucci
594,Piper Perabo
595,Jamie Bell
596,Jonathan Lipnicki
597,Charlotte Rampling
598,Dolly Parton
599,Leigh McCormack
600,Tyrin Turner
601,Eric Christmas
602,Rupert Everett
603,You Ge
604,Julia Sweeney
605,Tom McGowan
606,Marisa Paredes
607,William H. Macy
608,Dave Foley
609,Michael Caton
610,Jared Leto
611,Jim Caviezel
612,Veronica Taylor
613,Molly Shannon
614,Annette Bening
615,Huey Lewis
616,Will Keenan
617,Susie Porter
618,Damon Wayans
619,Daveigh Chase
620,Hayden Christensen
621,Marla Sokoloff
622,Mekhi Phifer
623,Melissa Sagemiller
624,Brian Cox
625,Monica Potter
626,Toshio Furukawa
627,Andrew Lawrence
628,Mandy Moore
629,Kate Bosworth
630,Miguel A. Núñez Jr.
631,Chiwetel Ejiofor
632,Katie Holmes
633,Romain Duris
634,James Nesbitt
635,Michael Reilly Burke
636,Shia LaBeouf
637,Amanda Bynes
638,Luigi Lo Cascio
639,Eduardo Verástegui
640,Don Dixon
641,Yûta Sone
642,Anne Reid
643,Bob Dylan
644,Shane Carruth
645,Cedric the Entertainer
646,Gérard Jugnot
647,Bai Ling
648,Valeria Bruni Tedeschi
649,Camilla Belle
650,Peter Sallis
651,Amitabh Bachchan
652,Lucas Black
653,Ivana Baquero
654,Gerardo Taracena
655,Brandon Routh
656,Tobin Bell
657,Megumi Hayashibara
658,François Cluzet
659,Dakota Fanning
660,Charlie Clark
661,Jean Dujardin
662,Nathan Baesel
663,Logan Lerman
664,Lauren German
665,Catherine Zeta-Jones
666,Dan Fogler
667,Norah Jones
668,Pauline Acquart
669,Shawn Ashmore
670,Tom Hardy
671,Drake Bell
672,Chris Pine
673,Gianfelice Imparato
674,Michelle Williams
675,Melissa Leo
676,Keller Wortham
677,Nick Zano
678,Jensen Ackles
679,Isla Fisher
680,Aaron Taylor-Johnson
681,Jeppe Beck Laursen
682,Chris Massoglia
683,Ashley Tisdale
684,Kristin Kreuk
685,Michael Angarano
686,Rooney Mara
687,James Frecheville
688,Chris Brown
689,Kodi Smit-McPhee
690,Thanapat Saisaymar
691,Amy Poehler
692,Eddie Redmayne
693,Donnie Yen
694,Max Thieriot
695,Jeremy Irvine
696,Neil Maskell
697,Christopher Denham
698,Sarah Bolger
699,Maggie Gyllenhaal
700,Aubrey Plaza
701,Dane DeHaan
702,Jason Segel
703,Lily Collins
704,Sheri Moon Zombie
705,Adelaide Clemens
706,Alicia Vikander
707,Toby Irvine
708,Rin Takanashi
709,Alexis Denisof
710,Peter Sarsgaard
711,Lior Ashkenazi
712,Oscar Isaac
713,Julia Louis-Dreyfus
714,Toni Servillo
715,Jemma Dallender
716,Hideaki Anno
717,Carlos Alazraqui
718,Skylan Brooks
719,Irrfan Khan
720,Chris Pratt
721,Seth MacFarlane
722,Ty Burrell
723,Jared Harris
724,Kevin Hart
725,Kristoffer Joner
726,Taron Egerton
727,Roland Møller
728,Rossif Sutherland
729,Géza Röhrig
730,Garance Marillier
731,Sasha Lane
732,Neal McDonough
733,Samantha Robinson
734,Hiroki Hasegawa
735,Keegan-Michael Key
736,Lou de Laâge
737,Gal Gadot
738,Oakes Fegley
739,Sofia Boutella
740,Yoo Ah-in
741,Jassa Ahluwalia
742,Mackenzie Foy
743,Rosamund Pike
744,William Moseley
745,Alba August
746,David Harbour
747,Kyle Chandler
748,Sofia Mali
749,Ashley Bratcher
750,Ace Young
751,Spencer Brown
752,Tesshô Genda
753,Jennifer Garner
754,Brady Corbet
755,Sam Riley
756,Ricky Gervais
757,Matt Lanter
758,Emily Blunt
759,Stephen Spinella
760,Albert Dupontel
761,Alex Veadov
762,Dylan O'Brien
763,Brenton Thwaites
764,Rupert Friend
765,Scott Eastwood
766,Ben Mendelsohn
767,Louis C.K.
768,Dave Johns
769,Katie Leung
770,Claes Bang
771,Justin Theroux
772,Ed Oxenbould
773,Tye Sheridan
774,Brett Dalton
775,Kris Kristofferson
776,Tatum O'Neal
777,Jason Robards
778,Sissy Spacek
779,Peter O'Toole
780,Shirley MacLaine
781,David Naughton
782,Richard Gere
783,Scott Glenn
784,Trevor Howard
785,Sean Connery
786,Albert Finney
787,Sylvester Stallone
788,Marsha Mason
789,Lee Horsley
790,Julie Andrews
791,Meryl Streep
792,Jim Henson
793,George Segal
794,Steve Martin
795,Marc Singer
796,Mariel Hemingway
797,Michael McKean
798,Tim Matheson
799,Allen Garfield
800,John Hurt
801,Toni Attell
802,Bette Midler
803,Teresa Stratas
804,Dennis Quaid
805,David Knell
806,Mary Steenburgen
807,James Aubrey
808,Patrick Swayze
809,Molly Ringwald
810,Rob Reiner
811,Tanya Roberts
812,Chris Penn
813,Peter Liapis
814,Eric Roberts
815,Avtandil Makharadze
816,Gregory Harrison
817,Judd Nelson
818,Gary Busey
819,Danielle Romeo
820,Joyce Hyser
821,Jeff Goldblum
822,Richard Chamberlain
823,Powers Boothe
824,Jennifer Connelly
825,John Cleese
826,Val Kilmer
827,John Lurie
828,Rob Lowe
829,Christopher Lambert
830,Demi Moore
831,Robert Englund
832,Rob Morrow
833,Kevin Costner
834,Barry Otto
835,Jimmy Keegan
836,Barry Jackson
837,Bart Conner
838,Jeff Daniels
839,Gregory Hines
840,Yves Montand
841,Oliver Reed
842,Stephen Lang
843,Diane Franklin
844,Colin Friels
845,Maruschka Detmers
846,John Bolger
847,Lorenzo Quinteros
848,Leo Fong
849,Cary Elwes
850,Anthony Barrile
851,Gaspard Manesse
852,Casey Siemaszko
853,Colin Firth
854,Deborah Winters
855,Julie Walters
856,Brian Dennehy
857,River Phoenix
858,Philippe Noiret
859,Joey Lawrence
860,Amanda Donohoe
861,Pierce Brosnan
862,Sidney Poitier
863,Lukas Haas
864,Justine Bateman
865,Yahoo Serious
866,Cyndi Lauper
867,Greg Evigan
868,Martin Landau
869,Dick Durock
870,Hulk Hogan
871,Jillian McWhirter
872,Andrew Stevens
873,David Bradley
874,Annabella Sciorra
875,Jonathan Brandis
876,Eric Idle
877,Kerry Fox
878,Vincent Price
879,Jennifer Jason Leigh
880,Masatoshi Nagase
881,Bernadette Peters
882,Douglas Barr
883,Philippe Caubère
884,Laura Harring
885,Alice Diabo
886,Nicole Eggert
887,Paige O'Hara
888,Lawrence Ng
889,Julia Roberts
890,Justin Whalin
891,David Morse
892,Mimi Rogers
893,Richard Grieco
894,Robert Carlyle
895,Kevin Anderson
896,Virginia Madsen
897,Stephen Rea
898,Omar Epps
899,Benoît Poelvoorde
900,Penélope Cruz
901,Richard Kind
902,Chingmy Yau
903,Mary McDonnell
904,Mansour Diouf
905,Tomorô Taguchi
906,Julie Kavner
907,Jason James Richter
908,Charlotte Gainsbourg
909,Kevin Conroy
910,Angel Aviles
911,Chris Rock
912,Karina Lombard
913,James Duval
914,Alan Bates
915,Brian O'Halloran
916,Zbigniew Zamachowski
917,Massimo Troisi
918,Duane Martin
919,Tina Majorino
920,Liesel Matthews
921,Josh Hamilton
922,Clarence Williams III
923,Pascale Bussières
924,Matt Frewer
925,Audie England
926,Max Grodénchik
927,Michael Jordan
928,Ewan McGregor
929,Paul Terry
930,Christopher Guest
931,Bruce Ramsay
932,Hope Davis
933,Blake Heron
934,Ellen DeGeneres
935,Michael Jai White
936,Nick Sutton
937,Robin Shou
938,Liv Tyler
939,Mohammad Amir Naji
940,Tenzin Thuthob Tsarong
941,Michael Jeter
942,Judi Dench
943,Stellan Skarsgård
944,Christopher McDonald
945,Lindsay Lohan
946,Tobey Maguire
947,Vincent Gallo
948,Clive Owen
949,Jason Biggs
950,Heath Ledger
951,Sarah Michelle Gellar
952,Rose McGowan
953,Jake Gyllenhaal
954,Milla Jovovich
955,Cecilia Roth
956,Melissa Joan Hart
957,Claire Danes
958,Shawn Hatosy
959,Vanessa Paradis
960,Fred Willard
961,Natalie Portman
962,Mike White
963,Garry Shandling
964,Lisa Lindgren
965,Charlotte Véry
966,Kim Vithana
967,G.W. Bailey
968,David Caruso
969,Heather Matarazzo
970,Molly Parker
971,Ian Bannen
972,Eli Marienthal
973,Lars Rudolph
974,Jane March
975,Naomi Watts
976,Audrey Tautou
977,Paz Vega
978,Angelina Jolie
979,Anaïs Reboux
980,Rachael Leigh Cook
981,Stephen Chow
982,Joseph Gordon-Levitt
983,Ryan Gosling
984,Vinnie Jones
985,Justin Chambers
986,Jennifer Westfeldt
987,Mariah Carey
988,Christopher Gorham
989,Cillian Murphy
990,Alexandre Rodrigues
991,Ryan Reynolds
992,Steve Oedekerk
993,Colin Hanks
994,Angela Bettis
995,Steve Coogan
996,Charlie Hunnam
997,Anna Paquin
998,Connie Nielsen
999,Steve Irwin
1000,Kate Beckinsale
1001,Elias McConnell
1002,Daryl Sabara
1003,Jessica Alba
1004,Jonathan Cherry
1005,Mi-sook Lee
1006,Romola Garai
1007,Zooey Deschanel
1008,Scott Mechlowicz
1009,Daniel Craig
1010,Abbie Cornish
1011,Viggo Mortensen
1012,Yûya Yagira
1013,Kristen Stewart
1014,Keira Knightley
1015,Martin Freeman
1016,Jay Hernandez
1017,Seann William Scott
1018,50 Cent
1019,Navi Rawat
1020,Benjamin Bratt
1021,Agnes Bruckner
1022,Thomas Turgoose
1023,Allen Covert
1024,Sienna Miller
1025,Kristen Bell
1026,Jake T. Austin
1027,Michael Cera
1028,Amy Adams
1029,Lauren Birkell
1030,Rachel Nichols
1031,Anamaria Marinca
1032,Michelle Morgan
1033,Megumi Ogata
1034,Joely Richardson
1035,Columbus Short
1036,Josh Zuckerman
1037,Ray Stevenson
1038,Ayako Fujitani
1039,Sharlto Copley
1040,Quinton Aaron
1041,Eric Christian Olsen
1042,Penn Badgley
1043,Golshifteh Farahani
1044,Alan Van Sprang
1045,Scoot McNairy
1046,Emma Stone
1047,Rajat Barmecha
1048,Jason Momoa
1049,Zoe Saldana
1050,Payman Maadi
1051,Nicholas D'Agosto
1052,Kenny Wormald
1053,Sara Paxton
1054,Lucas Pittaway
1055,John Boyega
1056,Felicity Jones
1057,Colin O'Donoghue
1058,Thomas Horn
1059,Mark Duplass
1060,Jason Sudeikis
1061,Alex Kendrick
1062,Jessica Chastain
1063,Alexander Skarsgård
1064,Suraj Sharma
1065,Domhnall Gleeson
1066,Alexandra Daddario
1067,Marine Vacth
1068,Chadwick Boseman
1069,Alice Englert
1070,Neil Patrick Harris
1071,Bérénice Bejo
1072,Lawrence Michael Levine
1073,Jemaine Clement
1074,Perdita Weeks
1075,Aaron Paul
1076,Anne Dorval
1077,John Lloyd Young
1078,Johannes Kuhnke
1079,Rachel Melvin
1080,Aleksey Serebryakov
1081,Sidse Babett Knudsen
1082,Olivia Cooke
1083,Haluk Bilginer
1084,Lily James
1085,Daisy Ridley
1086,Logan Marshall-Green
1087,Abraham Attah
1088,Jenjira Pongpas
1089,Adam Driver
1090,Morgan Saylor
1091,Lucas Till
1092,Bill Skarsgård
1093,Anthony Gonzalez
1094,Jacob Tremblay
1095,Jessie Buckley
1096,Lesley Manville
1097,Andy Serkis
1098,Kumail Nanjiani
1401,Regina Hall
1402,Josh O'Connor
1403,Demetrius Shipp Jr.
1404,Eugenio Derbez
1405,Jason Drucker
1406,Emily Mortimer
1407,Louis Garrel
1408,Sol Kyung-gu
1409,Samson Coulter
1410,Bella Thorne
1411,Lily Franky
1412,Aldis Hodge
1413,Shay Mitchell
1414,Tika Sumpter
1415,Alia Shawkat
1416,J. Michael Finley
1417,Octavia Spencer
1418,Zoe Margaret Colletti
1419,Dave Bautista
1420,Billy Barratt
1421,Jing Wu
1422,Vijay Varma
1423,Varun Dhawan
1424,Jun Fukuyama
1425,Francesco Di Napoli
1426,Liza Soberano
1427,Billy Hartmann
1428,Shannon Bond
1429,Tracey Ullman
1430,Carmen Electra
1431,Megan Fox
1432,Katie Jarvis
1433,Dominic Cooper
1434,Jared Gilman
1435,Jonny Weston
1436,Farhan Akhtar
1437,Liam Hemsworth
1438,Maika Monroe
1439,Essie Davis
1440,Olivia DeJonge
1441,Jim Parsons
1442,Salman Khan
1443,Aaron Pedersen
1444,Rami Malek
1445,Matilda Anna Ingrid Lutz
1446,T.J. Miller
1447,Kyrie Irving
1448,Donald Glover
1449,Shuzhen Zhao
1450,Jillian Bell
1451,Yara Shahidi
1452,Hanyu Zhang
1453,Miko Hughes
1454,Ben Schwartz
1455,Joanna Kulig
1456,Jo Jung-Suk
1457,Mark Hamill
1458,Betsy Palmer
1459,David Carradine
1460,Peter Boyle
1461,Willie Nelson
1462,Ellen Burstyn
1463,George Burns
1464,Roger Moore
1465,Sam Neill
1466,Bulle Ogier
1467,Ben Kingsley
1468,Bette Davis
1469,Nigel Terry
1470,Andre Gregory
1471,James Cagney
1472,Mews Small
1473,Daniel Valdez
1474,Jacqueline Bisset
1475,William Shatner
1476,Ben Murphy
1477,Cher
1478,Johnny Yune
1479,Leon Isaac Kennedy
1480,Tom Skerritt
1481,Dan Aykroyd
1482,Oleg Yankovskiy
1483,Tom Selleck
1484,Kevin Kline
1485,Mark Gregory
1486,Julie Christie
1487,Martin Sheen
1488,Noah Hathaway
1489,Erich Anderson
1490,Catherine Mary Stewart
1491,Freddie Stuart
1492,Rae Dawn Chong
1493,Bill Paterson
1494,Maggie Smith
1495,William Katt
1496,Nicholas Rowe
1497,Sam Shepard
1498,Rutger Hauer
1499,Rosanna Arquette
1500,Peter Coyote
1501,Wings Hauser
1502,Robert Carradine
1503,Rachel Ward
1504,Guy Marchand
1505,Ken Watanabe
1506,Mia Farrow
1507,Tab Hunter
1508,Sting
1509,Anthony Hopkins
1510,Bettina Bush
1511,John Rhys-Davies
1512,Gala Videnovic
1513,John Gordon Sinclair
1514,Fabienne Babe
1515,Jane Snowden
1516,Isabelle Huppert
1517,Pat Morita
1518,Craig Sheffer
1519,Matthew Labyorteaux
1520,Marie Rivière
1521,Patsy Kensit
1522,Neil Dickson
1523,Mary Tyler Moore
1524,Anouk Aimée
1525,Siobhan Finneran
1526,David Paul
1527,Chris Cooper
1528,Ross Bagdasarian Jr.
1529,Michael E. Knight
1530,Eric Freeman
1531,Ellen Barkin
1532,Bruce Willis
1533,Jean-Claude Van Damme
1534,Steven Seagal
1535,Cathy Podewell
1536,William Ragsdale
1537,Davor Dujmovic
1538,Rubén Blades
1539,Bobcat Goldthwait
1540,Imogen Stubbs
1541,Tony Pierce
1542,Meg Tilly
1543,Corey Feldman
1544,Gary Graham
1545,Ron Fazio
1546,Don Johnson
1547,Tony Todd
1548,Dylan McDermott
1549,Debbie Harry
1550,Jean Rochefort
1551,David Dukes
1552,Derek Jacobi
1553,Jackie Mason
1554,Victoria Abril
1555,Robyn Lively
1556,Juliet Stevenson
1557,Gong Li
1558,Phil Collins
1559,Ed Begley Jr.
1560,Dabney Coleman
1561,Michael Gottli
1562,Kathy Bates
1563,Brian Krause
1564,Brandon Quintin Adams
1565,Marie-Laure Dougnac
1566,Claire Bloom
1567,Sharon Stone
1568,Cora Lee Day
1569,Charles Grodin
1570,Jason London
1571,Danny Elfman
1572,Diedrich Bader
1573,Ernie Reyes Sr.
1574,Hiep Thi Le
1575,Robert Patrick
1576,Alfre Woodard
1577,Jeremy Davies
1578,Chris Elliott
1579,Sean Nelson
1580,Larenz Tate
1581,Alicia Silverstone
1582,Adam Sandler
1583,Natasha Henstridge
1584,Parker Posey
1585,Sergio Castellitto
1586,Virginie Ledoyen
1587,Helen Hunt
1588,Emily Watson
1589,Edward Burns
1590,Colm Meaney
1591,Jennifer Love Hewitt
1592,Eduardo Noriega
1593,Trey Parker
1594,Jennifer Aniston
1595,Angus Macfadyen
1596,Stephen Dillane
1597,Jordana Brewster
1598,Jason Schwartzman
1599,James Marsden
1600,Shah Rukh Khan
1601,Samy Naceri
1602,Kieran Culkin
1603,Joaquin Phoenix
1604,Ron Livingston
1605,James Van Der Beek
1606,Hilary Swank
1607,John Simm
1608,Kevin Clash
1609,Jim Broadbent
1610,John Standing
1611,Jeremy Northam
1612,Gerard Butler
1613,Sadie Frost
1614,Heather Graham
1615,James Stewart
1616,Madeleine Stowe
1617,Renée Zellweger
1618,Ron Perlman
1619,Sinbad
1620,Shar-Ron Corley
1621,Matt Damon
1622,Kel Mitchell
1623,Mira Sorvino
1624,Catherine McCormack
1625,Helen Mirren
1626,Maria Schrader
1627,Owen Wilson
1628,Shane West
1629,Ricardo Meneses
1630,Casper Van Dien
1631,Daniel Radcliffe
1632,Haley Joel Osment
1633,Gina Philips
1634,Steve Zahn
1635,Debi Derryberry
1636,Snoop Dogg
1637,Mercedes Morán
1638,Greg Stebner
1639,Eminem
1640,Rosario Flores
1641,Oksana Akinshina
1642,Megumi Okina
1643,Sonja Richter
1644,Mark Ruffalo
1645,Michael Pitt
1646,Paul Giamatti
1647,Jodi Carlisle
1648,Kam Heskin
1649,Sándor Csányi
1650,Jon Heder
1651,Kieran O'Brien
1652,Cyril Raffaelli
1653,Jena Malone
1654,Alex Etel
1655,Patrick Wilson
1656,Stephanie Leonidas
1657,Donnie Wahlberg
1658,Kristanna Loken
1659,Ted Levine
1660,Jessica Simpson
1661,Mads Mikkelsen
1662,Jerry Seinfeld
1663,Reiko Aylesworth
1664,Matthew Macfadyen
1665,Michael Vartan
1666,Keri Russell
1667,Khalid Abdalla
1668,Lucy Liu
1669,Shahid Kapoor
1670,Rebecca Hall
1671,Dev Patel
1672,Paul Sorvino
1673,Tina Fey
1674,Sally Hawkins
1675,Jimmy Bennett
1676,Ginnifer Goodwin
1677,Briana Evigan
1678,Tom Hollander
1679,John Krasinski
1680,Danny Trejo
1681,Keir Gilchrist
1682,Benicio Del Toro
1683,Jonah Hill
1684,Bill Nighy
1685,Patrick Fabian
1686,Joel Kinnaman
1687,Connor Paolo
1688,Kristin Scott Thomas
1689,Justin Timberlake
1690,Iko Uwais
1691,Nick Swardson
1692,Brit Marling
1693,Ranbir Kapoor
1694,Andrew Garfield
1695,Calvin Reeder
1696,Kathryn McCormick
1697,Paul Dano
1698,Will Rogers
1699,Veerle Baetens
1700,Riz Ahmed
1701,Emily Baldoni
1702,Nicholas Hoult
1703,Nick Robinson
1704,Michael B. Jordan
1705,Agata Kulesza
1706,Hugh Bonneville
1707,Kit Harington
1708,Shane Harper
1709,Taraji P. Henson
1710,Dakota Johnson
1711,Anya Taylor-Joy
1712,Ed Helms
1713,Amy Schumer
1714,Adrian Grenier
1715,Levi Miller
1716,Clémence Poésy
1717,Teresa Palmer
1718,Jack Huston
1719,Lewis MacDougall
1720,Shahab Hosseini
1721,Carlos Acosta
1722,Harshvardhan Rane
1723,Dominic Monaghan
1724,Scott Shepherd
1725,Jon Bernthal
1726,Brady Jandreau
1727,Numan Acar
1728,Harris Dickinson
1729,Alden Ehrenreich
1730,Hera Hilmar
1731,Viola Davis
1732,Angourie Rice
1733,José Luis Ferrer
1734,Daiki Yamashita
1735,Josephine Langford
1736,Roman Griffin Davis
1737,Linda Hamilton
1738,Patton Oswalt
1739,Beau Knapp
1740,Jake Choi
1741,Tiger Shroff
1742,Michael Roark
1743,Chris Galust
1744,Bonnie Langford
1745,Tony Ka Fai Leung
1746,Chad Michael Murray
1747,Tom Welling
1748,Marcos Hernández
1749,Zach Galifianakis
1750,Idris Elba
1751,Garrett Hedlund
1752,Ashley Greene
1753,Marin Ireland
1754,Léa Seydoux
1755,Tom McGrath
1756,Jason Clarke
1757,Bryan Cranston
1758,Rolf Lassgård
1759,Mike Epps
1760,Emma Watson
1761,Alison Brie
1762,Ayushmann Khurrana
1763,Alex Roe
1764,Lupita Nyong'o
1765,Michael Ealy
1766,Marc Maron
1767,David Thorpe
1768,Veronica Ngo
1769,Karina Fontes
1770,Robert De Niro
1771,Rory Calhoun
1772,Tim Conway
1773,Paul Newman
1774,Martin Mull
1775,Dudley Moore
1776,Elliott Gould
1777,Talia Shire
1778,Nell Schofield
1779,Robert Duvall
1780,Ali MacGraw
1781,Jürgen Prochnow
1782,Jamie Lee Curtis
1783,Everett McGill
1784,Faye Dunaway
1785,Keith Carradine
1786,Leonard Mann
1787,Henry Thomas
1788,Bertil Guve
1789,Bo Derek
1790,Dee Wallace
1791,Klinton Spilsbury
1792,Harry Hamlin
1793,Nastassja Kinski
1794,Matt Dillon
1795,John Cassavetes
1796,Lewis Collins
1797,Season Hubley
1798,Gerrit Graham
1799,Michael O'Keefe
1800,Mark Blankfield
1801,Raul Julia
1802,Bill Schoppert
1803,C. Thomas Howell
1804,Tom Cruise
1805,Rodney Dangerfield
1806,Peter Keleghan
1807,Cliff Gorman
1808,Linda Blair
1809,John Candy
1810,Linda Griffiths
1811,Richard Beymer
1812,Peter Horton
1813,Prince
1814,Lenny von Dohlen
1815,Lisa Hartman
1816,Richard Mulligan
1817,Tatsuya Nakadai
1818,Ethan Hawke
1819,Jeffrey Combs
1820,Doug McKeon
1821,Meredith Salenger
1822,Helen Shaver
1823,Shannon Presby
1824,Betsy Russell
1825,Louise Lasser
1826,Mark Pirro
1827,Ralph Macchio
1828,Tom Hanks
1829,Sumi Shimamoto
1830,Tawny Kitaen
1831,Debra Winger
1832,Anthony Edwards
1833,Mel Smith
1834,Raymond Burr
1835,Geraldine Page
1836,Chin Tsai
1837,Moreno D'E Bartolli
1838,Miranda Richardson
1839,Timothy Dalton
1840,Gabriel Byrne
1841,Vanessa Redgrave
1842,Mario Van Peebles
1843,Ed Harris
1844,Bruce Dern
1845,Louise Smith
1846,Corey Haim
1847,Orson Welles
1848,Michael Moriarty
1849,Michel Piccoli
1850,Richard Jordan
1851,Farrah Fawcett
1852,Jonathan Crombie
1853,Eric Stoltz
1854,Stephen Dorff
1855,Tom Hulce
1856,Christopher Lloyd
1857,John Neville
1858,Keenen Ivory Wayans
1859,Lance Henriksen
1860,Rebecca De Mornay
1861,Delphine Zentout
1862,Traci Lords
1863,Gena Rowlands
1864,Danny Aiello
1865,Dale Midkiff
1866,Nicole Kidman
1867,Christian Slater
1868,Cybill Shepherd
1869,Stephen Caffrey
1870,Edward Asner
1871,Lothaire Bluteau
1872,Hoyt Axton
1873,Jim Brown
1874,Judith Hoag
1875,Richard Linklater
1876,Richard Harris
1877,Charlie Sheen
1878,Bob Hoskins
1879,Todd Allen
1880,Melanie Griffith
1881,Noah Taylor
1882,Carmen Maura
1883,Bubba Smith
1884,Sammi Davis
1885,Lorraine Bracco
1886,Jenny Wright
1887,Andrew Dice Clay
1888,David Andrews
1889,Dana Carvey
1890,Robert Arkins
1891,Wesley Snipes
1892,Gabrielle Anwar
1893,Alan Rickman
1894,Brad Pitt
1895,Steven Waddington
1896,John Gielgud
1897,Joe Pesci
1898,Jeff Fahey
1899,Harley Jane Kozak
1900,Scott Weinger
1901,Sheryl Lee
1902,Hugh Grant
1903,Victor Wong
1904,Russell Crowe
1905,Faizon Love
1906,Miho Nikaido
1907,Steve Buscemi
1908,Pauly Shore
1909,John D. LeMay
1910,Shane McDermott
1911,Janet Jackson
1912,Ashley Judd
1913,Elijah Wood
1914,Melanie Lynskey
1915,Marisa Tomei
1916,Emmanuelle Béart
1917,Denis Leary
1918,Gunnar Hansen
1919,Brian Benben
1920,Vincent Cassel
1921,Sandra Bullock
1922,Billy Zane
1923,William Baldwin
1924,Chris O'Donnell
1925,Pruitt Taylor Vince
1926,Charlie Talbert
1927,Kadeem Hardison
1928,Matthew McConaughey
1929,Mark Wahlberg
1930,Jada Pinkett Smith
1931,Naveen Andrews
1932,Geoffrey Rush
1933,Christopher Eccleston
1934,Tom Arnold
1935,Martin Lawrence
1936,George Clooney
1937,Ian Holm
1938,Bill Bellamy
1939,Edward Norton
1940,Rufus Sewell
1941,Kirsten Dunst
1942,Ulrich Thomsen
1943,Jeremy Theobald
1944,Chris Kattan
1945,Norm MacDonald
1946,Magda Szubanski
1947,Alexandra Dahlström
1948,Oprah Winfrey
1949,Arata Iura
1950,Thandiwe Newton
1951,Tony Goldwyn
1952,Guy Pearce
1953,Joe Basile
1954,Noah Fleiss
1955,Breckin Meyer
1956,Joshua Jackson
1957,Jeffrey Donovan
1958,Bernard Giraudeau
1959,Ricardo Darín
1960,Lori Heuring
1961,Michelle Rodriguez
1962,Jim Cummings
1963,Tim Allen
1964,Leonardo DiCaprio
1965,Shawn Wayans
1966,Nicole de Boer
1967,Kevin Sorbo
1968,Chloë Sevigny
1969,Jessalyn Gilsig
1970,Caroline Ducey
1971,Om Puri
1972,Hank Azaria
1973,Sanaa Lathan
1974,Raffaëla Anderson
1975,Jennifer Morrison
1976,Lauren Ambrose
1977,Alexa PenaVega
1978,Tom Wilkinson
1979,Denise Richards
1980,Moritz Bleibtreu
1981,Miyoko Shôji
1982,Alan Cumming
1983,Vivica A. Fox
1984,Aaliyah
1985,Britney Spears
1986,Parry Shen
1987,Everlyn Sampi
1988,Morris Chestnut
1989,Evan Rachel Wood
1990,Tommy Wiseau
1991,Adam Brody
1992,Tôru Emori
1993,Tatyana Ali
1994,Stephen Campbell Moore
1995,Paul Rudd
1996,Joseph Fiennes
1997,Chieko Baishô
1998,Anne Hathaway
1999,Martin Henderson
2000,Konstantin Khabenskiy
2001,Max Riemelt
2002,Joan Chen
2003,Anthony Mackie
2004,Robert Stadlober
2005,Steve Carell
2006,Amber Tamblyn
2007,Nathan Phillips
2008,Gretchen Mol
2009,Bryce Dallas Howard
2010,Diane Kruger
2011,Jenny McCarthy
2012,Steven Strait
2013,Beyoncé
2014,Jaime Pressly
2015,Dax Shepard
2016,Alison Lohman
2017,Danny McBride
2018,Erin Kelly
2019,Charlie Cox
2020,Kal Penn
2021,John C. Reilly
2022,Steve Austin
2023,Glen Hansard
2024,Trevor Wright
2025,Kathy Baker
2026,Bill Milner
2027,Ben Burtt
2028,Sean Faris
2029,Lisa Ray
2030,Sian Breckin
2031,Rob Brown
2032,Vera Farmiga
2033,Anika Noni Rose
2034,Nathaniel Brown
2035,Garret Dillahunt
2036,Jamal Woolard
2037,Noomi Rapace
2038,Christian Friedel
2039,Miley Cyrus
2040,Jocelin Donahue
2041,Jonathan D. Mellor
2042,Jay Baruchel
2043,Mia Wasikowska
2044,Michael Fassbender
2045,Zachary Gordon
2046,Jennifer Lawrence
2047,Joey King
2048,Jenn Proske
2049,Chace Crawford
2050,Zachary Quinto
2051,Topher Grace
2052,James Buckley
2053,Aksel Hennie
2054,Kaya Scodelario
2055,Kelly Macdonald
2056,Danielle Panabaker
2057,Sean Hayes
2058,Jean-Louis Trintignant
2059,Quvenzhané Wallis
2060,John Magaro
2061,Bill Hader
2062,Mark Strong
2063,Hailee Steinfeld
2064,Lake Bell
2065,Ward Horton
2066,Imogen Poots
2067,Jon Hamm
2068,Kellan Lutz
2069,Ed Skrein
2070,Shin Ha-kyun
2071,Travis Fimmel
2072,Mahershala Ali
2073,Blake Jenner
2074,Joe Alwyn
2075,George MacKay
2076,Claire Foy
2077,Aisling Franciosi
2078,Caitlin Gerard
2079,Trevor Jackson
2080,Masako Nozawa
2081,Batsheva Dance Company
2082,Rosa Salazar
2083,Finn Little
2084,Mrunal Thakur
2085,Seo Jun Park
2086,Terry Serpico
2087,Sonam Kapoor
2088,David McConnell
2089,Elisabeth Moss
2090,Shea Whigham
2091,Guangtao Jiang
2092,Siyabonga Mabaso
2093,Coralie Revel
2094,Lee Pace
2095,Dan Castellaneta
2096,Ben Foster
2097,Vanessa Hudgens
2098,James Corden
2099,Jon Favreau
2100,Ellar Coltrane
2101,Florence Pugh
2102,Fionn Whitehead
2103,Storm Reid
2104,Sasha Luss
2105,Matthias Schoenaerts
2106,Yanting Lü
2107,Alexandra Bokova
2108,Scott Pryor
2109,Jack Nicholson
2110,John Belushi
2111,Burt Reynolds
2112,Goldie Hawn
2113,Edward Woodward
2114,Woody Allen
2115,Peter Sellers
2116,Michael Ontkean
2117,Bob Newhart
2118,Klaus Kinski
2119,Robert Redford
2120,Charlton Heston
2121,Anthony Quinn
2122,Charles Martin Smith
2123,Walter Matthau
2124,Michel Serrault
2125,Mel Gibson
2126,James Farentino
2127,Sean Penn
2128,Lawrence Monoson
2129,Elizabeth Hartman
2130,Scott Baio
2131,Suzanna Love
2132,Marcello Mastroianni
2133,Chuck Barris
2134,Frederic Forrest
2135,George Hamilton
2136,Lesley-Anne Down
2137,JoBeth Williams
2138,Morgan Fairchild
2139,Gérard Depardieu
2140,Ryan O'Neal
2141,Elizabeth Edmonds
2142,Matthew Broderick
2143,Peter Billingsley
2144,Catherine Deneuve
2145,Michael Keaton
2146,Rick Hill
2147,David Bowie
2148,Shô Kosugi
2149,Kathleen Quinlan
2150,Max Gail
2151,Michael Douglas
2152,David Keith
2153,Steve Sandor
2154,Dennis Hopper
2155,Michael Paré
2156,John Heard
2157,Robert Ginty
2158,Geneviève Bujold
2159,Cynthia Dale
2160,Brooke Adams
2161,Michael J. Fox
2162,Eileen Brennan
2163,Grant Bardsley
2164,James Spader
2165,Mikhail Baryshnikov
2166,Peter Weller
2167,Steve Railsback
2168,Steven Bauer
2169,Louis Ducreux
2170,Howard E. Rollins Jr.
2171,Sheila E.
2172,Richard Farnsworth
2173,Susan Sarandon
2174,Klaus Maria Brandauer
2175,Michael Rooker
2176,Kate Capshaw
2177,Ted Danson
2178,Pamela Adlon
2179,Maxine Miller
2180,Dennis Christopher
2181,Jason Patric
2182,Andrew McCarthy
2183,George Kennedy
2184,Jason Bateman
2185,John Allen Nelson
2186,Brad Davis
2187,Eddie Deezen
2188,Alec Baldwin
2189,Mitsuo Iwata
2190,Sonny Bono
2191,Jeremy Irons
2192,Christine Ebersole
2193,Heather O'Rourke
2194,Laurence Fishburne
2195,Charlie Schlatter
2196,Richard Hatch
2197,Natasha Richardson
2198,Alan Boyce
2199,Hart Bochner
2200,Ron Silver
2201,John Larroquette
2202,Johnny Depp
2203,Scott Valentine
2204,Daniel Jordano
2205,Bruno Ganz
2206,Andy Lau
2207,Robert Downey Jr.
2208,Charlotte Burke
2209,Cliff De Young
2210,Adrienne Shelly
2211,Peter Falk
2212,Clark Brandon
2213,J. Eddie Peck
2214,Kristy Swanson
2215,Jill Schoelen
2216,Laura Dern
2217,Roberto Benigni
2218,Mike Myers
2219,Timothy Balme
2220,Terry Farrell
2221,Glenn Plummer
2222,Sean Young
2223,Maarten Smit
2224,Ray Liotta
2225,Penelope Ann Miller
2226,Jet Li
2227,David Thewlis
2228,Thomas Ian Nicholas
2229,Max von Sydow
2230,Otto Sander
2231,Travis Tedford
2232,Brigitte Lin
2233,Jonathan Jackson
2234,Patrick Stewart
2235,Bruce Greenwood
2236,Luke Perry
2237,Brad Dourif
2238,Sean Bean
2239,Linus Roache
2240,Leo Fitzpatrick
2241,Chris Farley
2242,Ian Hart
2243,Willeke van Ammelrooy
2244,Timothy Spall
2245,Teri Hatcher
2246,Tim Curry
2247,Hedy Burress
2248,Vincent D'Onofrio
2249,Vivian Wu
2250,Pam Grier
2251,Djimon Hounsou
2252,Halle Berry
2253,Sam Rockwell
2254,Thomas Jane
2255,Marlon Wayans
2256,Aaron Eckhart
2257,Ming-Na Wen
2258,Cate Blanchett
2259,Bajram Severdzan
2260,Kate Winslet
2261,Brendan Gleeson
2262,Freddie Prinze Jr.
2263,Sarah Polley
2264,Devon Sawa
2265,Tommy Flanagan
2266,Wendy Crewson
2267,Denis Lavant
2268,James Levine
2269,French Stewart
2270,Ewen Bremner
2271,Alessandro Nivola
2272,Ashton Kutcher
2273,Björk
2274,Timothy Olyphant
2275,Frankie Muniz
2276,Kamal Haasan
2277,Licia Maglietta
2278,Lara Jill Miller
2279,Will Smith
2280,Alan Arkin
2281,Winston Chao
2282,Rip Torn
2283,Vince Vaughn
2284,Rowan Atkinson
2285,Masato Hagiwara
2286,Charles Berling
2287,Shôtarô Morikubo
2288,Jerry Springer
2289,Charlotte Ayanna
2290,Javier Bardem
2291,Joan Allen
2292,Minnie Driver
2293,Michael J. Pollard
2294,Vin Diesel
2295,Brad Renfro
2296,Method Man
2297,Tom Green
2298,Tadanobu Asano
2299,Dougray Scott
2300,Jennifer Baxter
2301,Dr. Dre
2302,Catherine Keener
2303,Nia Vardalos
2304,Julianna Margulies
2305,Salma Hayek
2306,Jordan Ladd
2307,DJ Qualls
2308,Eddie Griffin
2309,Keisha Castle-Hughes
2310,Eileen Walsh
2311,Barry Watson
2312,Martin Compston
2313,James Franco
2314,Eliza Dushku
2315,Will Ferrell
2316,Brittany Murphy
2317,Guillaume Canet
2318,Nikolaj Lie Kaas
2319,Wes Ramsey
2320,Liam Aiken
2321,Craig T. Nelson
2322,Zach Braff
2323,Rory Culkin
2324,Sara Foster
2325,Seung-Yun Lee
2326,Mary-Kate Olsen
2327,Kay Kay Menon
2328,Ray Romano
2329,James Gandolfini
2330,Josh Lucas
2331,James McAvoy
2332,Ben Whishaw
2333,Sean Biggerstaff
2334,Ed Speleers
2335,Frédéric van den Driessche
2336,Kevin James
2337,Freddie Highmore
2338,Alyson Hannigan
2339,Alex Pettyfer
2340,Daniel London
2341,Seth Rogen
2342,Andy Samberg
2343,Marion Cotillard
2344,Daniella Alonso
2345,Skyler Shaye
2346,David Koechner
2347,Chiara Mastroianni
2348,Anton Yelchin
2349,Loren Taylor
2350,Summer Bishil
2351,Karl Markovics
2352,Chuck Cooper
2353,Scott Speedman
2354,Asa Butterfield
2355,Scott Patterson
2356,Brittany Snow
2357,Sean Maguire
2358,Jennifer Carpenter
2359,Ari Folman
2360,Josh Peck
2361,Jackie Earle Haley
2362,Dieter Laser
2363,Max Records
2364,Michael Stuhlbarg
2365,Josh Stewart
2366,Hayden Panettiere
2367,Ryûnosuke Kamiki
2368,Gemma Arterton
2369,Eva Green
2370,Sharni Vinson
2371,Juno Temple
2372,Tom Cullen
2373,Rhys Wakefield
2374,Michael Parks
2375,Anna Kendrick
2376,Saskia Rosendahl
2377,Jenna Fischer
2378,Josh Radnor
2379,Florian Lukas
2380,Saif Ali Khan
2381,Victoria Justice
2382,Lorenza Izzo
2383,Simon Rex
2384,Gugu Mbatha-Raw
2385,Brie Larson
2386,Dan Stevens
2387,Tyler James Williams
2388,Blake Lively
2389,Nat Wolff
2390,James Ransone
2391,Marta Mazurek
2392,Reese Mishler
2393,Rob Corddry
2394,Gong Yoo
2395,Suki Waterhouse
2396,Ruth Ramos
2397,Natalie Dormer
2398,Daniel Kaluuya
2399,Brooklynn Prince
2400,Aaron Moorhead
2401,Amandla Stenberg
2402,Sverrir Gudnason
2403,Josh Gad
2404,Max Hubacher
2405,Demi Lovato
2406,Simone Baker
2407,Boyd Holbrook
2408,Leslie Mann
2409,Mahiro Takasugi
2410,KiKi Layne
2411,Alek Skarlatos
2412,Tom Schilling
2413,Wendi McLendon-Covey
2414,Himesh Patel
2415,Haley Lu Richardson
2416,Jimmie Fails
2417,Linda Cardellini
2418,Rebel Wilson
2419,Louis Ashbourne Serkis
2420,Peta Murgatroyd
2421,Akshay Kumar
2422,JC Santos
2423,Michael Saquella
2424,Zhi-zhong Huang
2425,Dan Belcher
2426,A.J. Cook
2427,Dane Cook
2428,Darsheel Safary
2429,Paris Hilton
2430,JeeJa Yanin
2431,Martina Gedeck
2432,David Hyde Pierce
2433,David Oyelowo
2434,Christina Hendricks
2435,Arielle Holmes
2436,Adam Scott
2437,Ansel Elgort
2438,LaKeith Stanfield
2439,David Tennant
2440,Sushant Singh Rajput
2441,Walton Goggins
2442,N!xau
2443,Eddie Barth
2444,Al Pacino
2445,William Hurt
2446,Chris Makepeace
2447,Cheech Marin
2448,Dom DeLuise
2449,Marty Feldman
2450,Mickey Rooney
2451,Peter Ustinov
2452,Gene Wilder
2453,Don Adams
2454,Scott Beach
2455,Frank Langella
2456,Isabelle Adjani
2457,Alan Alda
2458,Jennifer O'Neill
2459,Ben Cross
2460,Maren Jensen
2461,Lauren Tewes
2462,Lily Tomlin
2463,Jack Lemmon
2464,Pepper Martin
2465,Aileen Quinn
2466,Steve Guttenberg
2467,Gilda Radner
2468,Katharine Hepburn
2469,Paul Kelman
2470,Tony Anthony
2471,Arnold Schwarzenegger
2472,Nick Nolte
2473,Willie Aames
2474,Ka-Yan Leung
2475,Hal Holbrook
2476,Roy Scheider
2477,Joan Collins
2478,Mel Blanc
2479,Luciano Pavarotti
2480,John Wintergate
2481,Tom Berenger
2482,Phoebe Cates
2483,Matt Lattanzi
2484,Randy Norton
2485,Graham Chapman
2486,Reb Brown
2487,Bonnie Bedelia
2488,Martin Yost
2489,Margot Kidder
2490,unknown
2491,Lance Guest
2492,John Getz
2493,Drew Barrymore
2494,Diane Keaton
2495,Lorenzo Lamas
2496,Karen Allen
2497,Reece Dinsdale
2498,Nick Mancuso
2499,Clu Gulager
2500,Danny Glover
2501,Griffin Dunne
2502,John Stockwell
2503,Stephen Geoffreys
2504,Robby Benson
2505,Kyle MacLachlan
2506,Michael Zorek
2507,Christopher Plummer
2508,William Petersen
2509,Melanie Kinnaman
2510,Lauren Hutton
2511,Cameron Dye
2512,James Whitmore
2513,Lenore Zann
2514,Judge Reinhold
2515,Coral Browne
2516,Fionnula Flanagan
2517,Denise Coward
2518,Peter Bland
2519,Nathalie Baye
2520,Sigourney Weaver
2521,Isabella Rossellini
2522,Crispin Glover
2523,Gary Oldman
2524,Erland Josephson
2525,Danny DeVito
2526,Marc Price
2527,Andrew Prine
2528,Mitchell Gaylord
2529,Martin Hewitt
2530,Dominique Michel
2531,Dexter Gordon
2532,Shari Shattuck
2533,Robert Sean Leonard
2534,Louise Fletcher
2535,Hume Cronyn
2536,Kim Basinger
2537,Stéphane Audran
2538,Denzel Washington
2539,Lane Smith
2540,Bill Cosby
2541,Martin Short
2542,John Malkovich
2543,Jason Gedrick
2544,Jodie Foster
2545,Rod Steiger
2546,Whip Hubley
2547,Fred Dryer
2548,Hitoshi Takagi
2549,Pat Hingle
2550,Bill Pullman
2551,James Le Gros
2552,Carl Weathers
2553,Forest Whitaker
2554,Shafiq Syed
2555,George Newbern
2556,Joanna Pacula
2557,Pete Postlethwaite
2558,Jodi Benson
2559,Pauline Collins
2560,Jensen Daggett
2561,Michael Murphy
2562,Tim Robbins
2563,Kiefer Sutherland
2564,Josef Sommer
2565,Alison Steadman
2566,George O'Hanlon
2567,Richard E. Grant
2568,Sarah Miles
2569,Frankie Avalon
2570,Lori Lethin
2571,Tami Erin
2572,John Glover
2573,Julian Sands
2574,Hossain Sabzian
2575,Morgan Freeman
2576,Keely Christian
2577,Louis Tripp
2578,Kirstie Alley
2579,Maribel Verdú
2580,Billy Campbell
2581,Joe Mantegna
2582,Barbara Sukowa
2583,Edith Meeks
2584,Vincent Spano
2585,Carlos Gallardo
2586,James Marshall
2587,Olivier Gruner
2588,Tate Donovan
2589,Daniel Schlachet
2590,Emmanuel Salinger
2591,Meg Ryan
2592,Robert John Burke
2593,Robert Wuhl
2594,Kate Maberly
2595,Angela Bassett
2596,Dominique Horwitz
2597,Tamlyn Tomita
2598,Uma Thurman
2599,Nu Yên-Khê Tran
2600,Rongguang Yu
2601,Derek Jarman
2602,Larry B. Scott
2603,Jacob Tierney
2604,Jim Carrey
2605,Luke Edwards
2606,Richard Attenborough
2607,Sihung Lung
2608,Kevin Spacey
2609,Taylor Nichols
2610,Lori Petty
2611,Julianne Moore
2612,Mark Rylance
2613,Joseph Mazzello
2614,Fanny Ardant
2615,Lili Taylor
2616,Steven Weber
2617,Aida Mohammadkhani
2618,Robin Tunney
2619,Billy Bob Thornton
2620,Philip Baker Hall
2621,Jeffrey Wright
2622,Jason Alexander
2623,David Schwimmer
2624,Jon Lovitz
2625,Daniel Bernhardt
2626,Illeana Douglas
2627,Junko Iwao
2628,Ben Affleck
2629,Liberto Rabal
2630,Jamie Foxx
2631,Miguel Ferrer
2632,Sophie Marceau
2633,Joshua Schaefer
2634,Sean Gullette
2635,Dave Chappelle
2636,Philippe Nahon
2637,Matthew Lillard
2638,Chow Yun-Fat
2639,Bodil Jørgensen
2640,Radha Mitchell
2641,Gillian Anderson
2642,Fernanda Montenegro
2643,Jay Mohr
2644,Thierry Lhermitte
2645,Rob Schneider
2646,Diane Lane
2647,Guillaume Depardieu
2648,Ray Winstone
2649,Emily Bergl
2650,Takehiro Murata
2651,Bonnie Root
2652,David Spade
2653,Jason Statham
2654,Emilio Echevarría
2655,Asia Argento
2656,Eric Bana
2657,Amanda Schull
2658,Andrew Philpot
2659,Philip Seymour Hoffman
2660,Delta Burke
2661,Peter Berg
2662,Larry Drake
2663,Antonio Banderas
2664,Thora Birch
2665,Jack Mulcahy
2666,Sarah Jessica Parker
2667,Samuel L. Jackson
2668,Theresa Randle
2669,Alex D. Linz
2670,Mel B
2671,Harland Williams
2672,Tony Chiu-Wai Leung
2673,Nien-Jen Wu
2674,Jack Black
2675,Jason Mewes
2676,John Cameron Mitchell
2677,Naseeruddin Shah
2678,Shane Brolly
2679,Shad Moss
2680,Nick Cannon
2681,Paddy Considine
2682,Jeremy Renner
2683,Blayne Weaver
2684,Choi Min-sik
2685,Chaney Kley
2686,Derek Richardson
2687,Kim Ki-duk
2688,Peter Dinklage
2689,Daniel Brühl
2690,Hilary Duff
2691,Vladimir Garin
2692,Michèle Caucheteux
2693,Joe Nicolo
2694,Corbin Allred
2695,Rémy Girard
2696,John Cho
2697,Tom Kenny
2698,Kenan Thompson
2699,Ziyi Zhang
2700,Catalina Sandino Moreno
2701,Vahina Giocante
2702,Abhishek Bachchan
2703,Shauna Macdonald
2704,Ioan Gruffudd
2705,Nathan Fillion
2706,Rachel McAdams
2707,Josh Hutcherson
2708,Karl Urban
2709,Nam-mi Kang
2710,David Strathairn
2711,Terrence Howard
2712,AnnaSophia Robb
2713,Rie Rasmussen
2714,John Hawkes
2715,Embeth Davidtz
2716,Ulrich Mühe
2717,Jesse Metcalfe
2718,Mitchel Musso
2719,David Alan Basche
2720,Karolina Gruszka
2721,Josh Duhamel
2722,John Cena
2723,Patrick Fugit
2724,Glenn Jacobs
2725,Oliver Driver
2726,Catherine O'Hara
2727,Brad Garrett
2728,Daniel Hansen
2729,Will Arnett
2730,Gabrielle Union
2731,Big Boi
2732,Robert Wisdom
2733,Kelly Reilly
2734,Mike Vogel
2735,Rainn Wilson
2736,Stuart Graham
2737,Josh Brolin
2738,Masahiro Motoki
2739,Matthew Goode
2740,Tamela J. Mann
2741,Sam Worthington
2742,Jesse Eisenberg
2743,Jared Padalecki
2744,Rain
2745,Carey Mulligan
2746,Sasha Grey
2747,Sean Patrick Flanery
2748,Zach Cregger
2749,Madeline Carroll
2750,Lee Byung-hun
2751,Chris Messina
2752,Will Adamsdale
2753,Won Bin
2754,Amanda Seyfried
2755,Chris Evans
2756,Kristen Wiig
2757,Henry Cavill
2758,Elle Fanning
2759,Taylor Lautner
2760,Gina Carano
2761,Rhys Ifans
2762,Taylor Schilling
2763,Julianne Hough
2764,Ashley Hinshaw
2765,Chase Williamson
2766,Vidya Balan
2767,Pål Sverre Hagen
2768,Stephen Dunham
2769,Alice Lowe
2770,Rashida Jones
2771,Jane Levy
2772,Chloë Grace Moretz
2773,Jaden Smith
2774,Kathryn Hahn
2775,Rose Byrne
2776,Amy Seimetz
2777,Tiger Hu Chen
2778,Jung-jae Lee
2779,Heather Sossaman
2780,Kaitlyn Dever
2781,Jake Johnson
2782,Elizabeth Banks
2783,David Rawle
2784,Ezra Miller
2785,Ajay Devgn
2786,Ranveer Singh
2787,Emilia Clarke
2788,Kim Min-hee
2789,Ben Schnetzer
2790,Elizabeth Reaser
2791,Erin Darke
2792,Matt Passmore
2793,Rosario Dawson
2794,Douglas Booth
2795,Callum Turner
2796,Kim Ok-bin
2797,Olivia Colman
2798,Sunny Suljic
2799,Lucy Hale
2800,Mamie Gummer
2801,Taylor Russell
2802,Noémie Merlant
2803,Zack Gottsagen
2804,Chloe Bennet
2805,Ma Dong-seok
2806,Caylee Cowan
2807,Marcel Ruiz
2808,Melanie Martinez
2809,Kartik Aaryan
2810,Matt Henry
2811,Vidyut Jammwal
2812,Ryu Jun-Yeol
2813,Arjun Kapoor
2814,Augie Tulba
2815,Nicky Whelan
2816,Queen Latifah
2817,Justin Chatwin
2818,Michael Shannon
2819,Julian Barratt
2820,Shailene Woodley
2821,Rose Leslie
2822,O'Shea Jackson Jr.
2823,Chad Villella
2824,James Allen McCune
2825,Margot Robbie
2826,Joel Edgerton
2827,Billy Howle
2828,John David Washington
2829,Demián Bichir
2830,Jovan Adepo
2831,Daveed Diggs
2832,Amber Heard
2833,Lin Shaye
2834,Martha Higareda
2835,Andy Biersack
2836,Leslie Nielsen
2837,Laurence Olivier
2838,Darren McGavin
2839,George C. Scott
2840,Ray Simpson
2841,Dan Monahan
2842,Sylvia Kristel
2843,Kristen Riter
2844,David Rasche
2845,David N. Haynes
2846,Bruce Campbell
2847,Warren Beatty
2848,Catriona MacColl
2849,Elizabeth Berridge
2850,Kate McNeil
2851,Charles Bronson
2852,Andy Kaufman
2853,Dana Kimmell
2854,Armand Assante
2855,Robert Glaudini
2856,Kathryn Harrold
2857,Jon Voight
2858,Ken Wahl
2859,Eddie Murphy
2860,Keith Gordon
2861,Jennifer Beals
2862,Don Francks
2863,Cristina Raines
2864,Timothy Hutton
2865,Malcolm McDowell
2866,Tommy Lee Jones
2867,F. Murray Abraham
2868,Kathleen Turner
2869,John Shea
2870,Patrick Houser
2871,Anthony Michael Hall
2872,Emilio Estevez
2873,Biff Yeager
2874,Saeed Jaffrey
2875,Kurt Thomas
2876,Helen Slater
2877,Sarah Patterson
2878,Aidan Quinn
2879,Jon Cryer
2880,Jackie Chan
2881,Mickey Rourke
2882,Kate Nelligan
2883,Forrest Tucker
2884,Raphael Sbarge
2885,Lea Thompson
2886,Rick Moranis
2887,Tom Waits
2888,Deborah Foreman
2889,Bryan Brown
2890,David Byrne
2891,Peggy Ashcroft
2892,Daphne Zuniga
2893,Terence Stamp
2894,Mike Norris
2895,Hugh Duncan Bigney Mitchell
2896,Victor Love
2897,Elisabeth Shue
2898,Adrian Pasdar
2899,Dolph Lundgren
2900,Lorraine Gary
2901,James Wilby
2902,Marianne Sägebrecht
2903,Matt Adler
2904,Arye Gross
2905,Pelle Hvenegaard
2906,Susanna Hoffs
2907,Lisa Schrage
2908,Jim Belushi
2909,Shelley Long
2910,Emily Lloyd
2911,Kelly McGillis
2912,Michael Biehn
2913,Robert Townsend
2914,Sy Richardson
2915,Roddy Piper
2916,Daniel Day-Lewis
2917,Sherilyn Fenn
2918,Cassandra Peterson
2919,Edward James Olmos
2920,Fisher Stevens
2921,Tchéky Karyo
2922,Tom Burlinson
2923,Phil Davis
2924,Bernard Hill
2925,Billy Crystal
2926,Fred Savage
2927,Staci Keanan
2928,Takeshi Kitano
2929,Geneviève Lemon
2930,Balthazar Getty
2931,Christopher Reid
2932,Kate Hodge
2933,Scott McGinnis
2934,Mark Harmon
2935,Lou Diamond Phillips
2936,Jason Beghe
2937,Theresa Russell
2938,'Weird Al' Yankovic
2939,Gabriel Damon
2940,Leslie Cheung
2941,Bradley Gregg
2942,Jared Rushton
2943,Roger Rose
2944,Chris Young
2945,James Bond III
2946,Miou-Miou
2947,Kenny Ireland
2948,Lena Stolze
2949,Paige Turco
2950,Brian Bosworth
2951,Sasha Mitchell
2952,Cindy Williams
2953,Liza Minnelli
2954,Bridget Fonda
2955,Edward Furlong
2956,Hugh Laurie
2957,Marco Leonardi
2958,Dermot Mulroney
2959,Chao-jung Chen
2960,Maxime Collin
2961,Bronson Pinchot
2962,Tom Guiry
2963,Warwick Davis
2964,Kent McCord
2965,Jesse Bradford
2966,Jason Priestley
2967,Andrew Lowery
2968,Tatsuo Matsumura
2969,Dana Delany
2970,Ralph Fiennes
2971,Adam Beach
2972,Karan Ashley
2973,Bill Farmer
2974,James Cromwell
2975,Hal Scardino
2976,Jonathan Taylor Thomas
2977,Predrag 'Miki' Manojlovic
2978,Álex Angulo
2979,Daniel Stern
2980,Laurel Holloman
2981,Kelsey Grammer
2982,Dennis Miller
2983,Glen Berry
2984,Steven Soderbergh
2985,Robin Wright
2986,Matthew Perry
2987,Stephen Fry
2988,Jennifer Lopez
2989,Tom Everett Scott
2990,Howard Stern
2991,Fran Drescher
2992,John Leguizamo
2993,Billy Crudup
2994,Chris Stafford
2995,Amy Brenneman
2996,Emmanuel Schotté
2997,Dave Goelz
2998,Martin Arrowsmith
2999,Anna Faris
3000,Mark Addy
3001,Colin Farrell
3002,Famke Janssen
3003,Tim Meadows
3004,Hrithik Roshan
3005,Federico Luppi
3006,Brad Johnson
3007,Allen Payne
3008,Shannen Doherty
3009,Scarlett Johansson
3010,Matt LeBlanc
3011,Joseph Cross
3012,Howie Long
3013,Chris Klein
3014,Harvey Keitel
3015,Kevin Gage
3016,Samuel Le Bihan
3017,Flex Alexander
3018,Alexsandra Wright
3019,Shannon Elizabeth
3020,Aamir Khan
3021,Branko Djuric
3022,Shane Edelman
3023,Selma Blair
3024,Dwayne Johnson
3025,Rebecca Romijn
3026,Kang-ho Song
3027,Alexis Bledel
3028,Casey Affleck
3029,Samantha Morton
3030,America Ferrera
3031,Blanchard Ryan
3032,Cécile de France
3033,Jonathan Breck
3034,Anthony Anderson
3035,Yekaterina Golubeva
3036,Jason Lee
3037,Kelly Clarkson
3038,Enrique Diaz
3039,Hugh Jackman
3040,Don Cheadle
3041,Cayden Boyd
3042,Diego Luna
3043,Gael García Bernal
3044,Michael Nyqvist
3045,Akio Ôtsuka
3046,Johnny Knoxville
3047,Steve Howey
3048,Hringur Ingvarsson
3049,Lou Taylor Pucci
3050,Sacha Baron Cohen
3051,Mary Elizabeth Winstead
3052,Emma Roberts
3053,Sook-Yin Lee
3054,Liev Schreiber
3055,Tyler Perry
3056,Drew Fuller
3057,T.I.
3058,Scout Taylor-Compton
3059,Katie Featherston
3060,Gaspard Ulliel
3061,Thomas Lennon
3062,Richard Jenkins
3063,Mathieu Amalric
3064,Elisha Cuthbert
3065,Dominic Purcell
3066,Ben Barnes
3067,Katherine Heigl
3068,Rhona Mitra
3069,Gabriel Macht
3070,Zac Efron
3071,Stephen McHattie
3072,Gabourey Sidibe
3073,Emily Browning
3074,Tahar Rahim
3075,Odette Annable
3076,Julia Voth
3077,Noah Ringer
3078,Lubna Azabal
3079,Robert Pattinson
3080,Will Forte
3081,Eva Bourne
3082,Eric Balfour
3083,Ludivine Sagnier
3084,Kristen Connolly
3085,Mila Kunis
3086,Bradley Cooper
3087,Elizabeth Olsen
3088,Laurence R. Harvey
3089,Minka Kelly
3090,Selena Gomez
3091,Noémie Lvovsky
3092,Peter Mullan
3093,Taylor Kitsch
3094,Benjamin Walker
3095,Karen Gillan
3096,Katie Chang
3097,Macon Blair
3098,Jack O'Connell
3099,Darío Grandinetti
3100,Richard Armitage
3101,Lukas Schwarz
3102,Sara Takatsuki
3103,Prabhas
3104,Günes Sensoy
3105,Haruma Miura
3106,Amy Landecker
3107,Noah Schnapp
3108,David Dencik
3109,Aubrey Peeples
3110,Munro Chambers
3111,Neel Sethi
3112,Aaron Poole
3113,Jamie Dornan
3114,James Arnold Taylor
3115,Sandra Hüller
3116,Ruth Negga
3117,Taapsee Pannu
3118,Narges Rashidi
3119,Tom Holland
3120,Barry G. Bernson
3121,Vicky Krieps
3122,Michael Peña
3123,Dacre Montgomery
3124,Samuel Bottomley
3125,Takuya Kimura
3126,Charlie Plummer
3127,Douglas Smith
3128,Lady Gaga
3129,Elsie Fisher
3130,Y'lan Noel
3131,Zain Al Rafeea
3132,Graham Verchere
3133,Eva Melander
3134,Colin Woodell
3135,Cynthea Mercado
3136,Tiffany Haddish
3137,Kotaro Daigo
3138,Lee Dong-yong
3139,Tania Raymonde
3140,Hannah Pearl Utt
3141,Nawazuddin Siddiqui
3142,Xiaoming Huang
3143,Valerie Pachner
3144,Robert Pralgo
3145,Missy Peregrym
3146,Wagner Moura
3147,Zack Ward
3148,Jim Sturgess
3149,Christos Stergioglou
3150,Thomas Dekker
3151,Warren Christie
3152,Greta Gerwig
3153,Ann Dowd
3154,Paul Brannigan
3155,Sharon Leal
3156,Tom Hiddleston
3157,Melissa Rauch
3158,Bel Powley
3159,Emma Suárez
3160,Armie Hammer
3161,Jessica Rothe
3162,Ross Lynch
3163,Chris O'Dowd
3164,Seána Kerslake
3165,John Abraham
3166,Sharman Joshi
3167,Christina Roz
3168,John Gallagher Jr.
