D_ID,DIRECTOR
1,Stanley Kubrick
2,Buddy Van Horn
3,Brian De Palma
4,James Bridges
5,Clint Eastwood
6,Gilbert Cates
7,Michael Mann
8,Art Linson
9,Moustapha Akkad
10,Charles Jarrott
11,Sam Raimi
12,Mel Brooks
13,Glenn Jordan
14,Allan King
15,Amy Heckerling
16,Nicholas Meyer
17,Michael Ritchie
18,Gordon Willis
19,John Derek
20,Louis Malle
21,Wes Craven
22,Richard Marquand
23,Ken Shapiro
24,Taylor Hackford
25,Barry Levinson
26,Mark Rosman
27,Albert Brooks
28,Graeme Clifford
29,David S. Ward
30,Richard Benjamin
31,Arthur Hiller
32,Tony Richardson
33,Daniel Vigne
34,James Burrows
35,Peter Duffell
36,Terry Jones
37,James Sbardellati
38,Rafal Zielinski
39,Paul Nicholas
40,Nicolas Roeg
41,Antonio Margheriti
42,Bryan Forbes
43,Dick Richards
44,Richard Pryor
45,Paul Aaron
46,Robert Zemeckis
47,Fritz Kiersch
48,Frank Oz
49,John Byrum
50,Robert Boris
51,Peter Webb
52,Bertrand Tavernier
53,Adam Brooks
54,Daniel Attias
55,Cary Medoway
56,Linda Feferman
57,Barbra Streisand
58,Frank Zuniga
59,James Foley
60,Jonathan Lynn
61,Savage Steve Holland
62,Stanley Donen
63,James Komack
64,Steven Hahn
65,Freddie Francis
66,Bernard Deyriès
67,Jovan Acin
68,Stephen Gyllenhaal
69,Ettore Scola
70,Sig Shore
71,Caroline Huppert
72,Peter Faiman
73,Harry Winer
74,John Carl Buechler
75,Anthony Perkins
76,Roman Polanski
77,Paul Michael Glaser
78,Richard Wenk
79,Christopher Morahan
80,Paul Schneider
81,Zoran Perisic
82,Eliseo Subiela
83,Allan Burns
84,Michael Gottlieb
85,Steve De Jarnatt
86,Percy Adlon
87,Élie Chouraqui
88,Tamar Simon Hoffs
89,Bob Giraldi
90,Ben Bolt
91,Abel Ferrara
92,Bill Condon
93,Yurek Bogayevicz
94,Zalman King
95,Ken Annakin
96,Craig R. Baxley
97,Mick Garris
98,Ken Kwapis
99,Henry Winkler
100,Mark DiSalle
101,Gus Van Sant
102,Kenneth Branagh
103,Rob Hedden
104,Michael Caton-Jones
105,John Dahl
106,Will Mackenzie
107,Nancy Savoca
108,Joel Zwick
109,Sheldon Lettich
110,Howard Franklin
111,Anthony Minghella
112,Dario Argento
113,Nikita Mikhalkov
114,Jay Levey
115,Phillip Noyce
116,Dominique Othenin-Girard
117,Patrick Sheane Duncan
118,Michael Fischa
119,Ralph S. Singleton
120,Allan Moyle
121,Jon Amiel
122,Phil Nibbelink
123,David Kellogg
124,Michael Karbelnikoff
125,Peter Chelsom
126,George Jackson
127,Irwin Winkler
128,Michael Bortman
129,Penelope Spheeris
130,Kenny Ortega
131,Manny Coto
132,Alexandre Rockwell
133,Arnaud Desplechin
134,Shin'ya Tsukamoto
135,John Woo
136,Rob Bowman
137,Thomas Carter
138,Jean-Marie Poiré
139,Nicholas Kazan
140,Bruce Joel Rubin
141,Kirk Wong
142,Billy Weber
143,Rupert Wainwright
144,Chia-Liang Liu
145,Andrew Morahan
146,Iain Softley
147,Geoff Burton
148,Kelly Reichardt
149,John Lasseter
150,Bryan Spicer
151,Danny Cannon
152,Simon Wells
153,Kelly Makin
154,Christopher Monger
155,Tim Sullivan
156,Carlo Carlei
157,Desmond Nakano
158,Theodoros Angelopoulos
159,Bobby Farrelly
160,Jonathan Frakes
161,Doug Liman
162,Gilbert Adler
163,Rick Friedberg
164,Arlene Sanford
165,Tim Pope
166,Larry Bishop
167,Alexander Payne
168,Farhad Mann
169,John R. Leonetti
170,Mimi Leder
171,Ole Bornedal
172,John Nicolella
173,Paul Miller
174,Thomas Jahn
175,Mark Waters
176,Randall Wallace
177,Peter Howitt
178,Frederik Du Chau
179,Mark Steven Johnson
180,Dean Parisot
181,Gil Junger
182,Mike Judge
183,Roger Michell
184,Roger Kumble
185,Daniel Myrick
186,Chris Buck
187,Brad Bird
188,Michael Patrick Jann
189,Jamie Babbit
190,Tim Roth
191,Gary Sinyor
192,Michael Rymer
193,Hampton Fancher
194,Frank Whaley
195,Robert Lee King
196,Nigel Cole
197,Greg Berlanti
198,Sally Field
199,Craig Mazin
200,Luis Llosa
201,Chris Noonan
202,Jean-Pierre Jeunet
203,Anthony Waller
204,Jeb Stuart
205,Lionel C. Martin
206,Ice Cube
207,Alan Cohn
208,Chris Eyre
209,David Dobkin
210,Darren Stein
211,Damien O'Donnell
212,Mark Illsley
213,David McNally
214,Patrick Lussier
215,Jay Chandrasekhar
216,Dennie Gordon
217,Bill Paxton
218,Andrew Lau
219,Shawn Levy
220,Alain Chabat
221,D.J. Caruso
222,Niki Caro
223,Kevin Bray
224,Mars Callahan
225,Bob Dolman
226,Nicolas Cage
227,Chris Kentis
228,Nikkhil Advani
229,Yann Samuell
230,Anders Thomas Jensen
231,Shari Springer Berman
232,C. Jay Cox
233,Tim Fywell
234,Todd Graff
235,Isabel Coixet
236,John Hoffman
237,Guy Ferland
238,Jessy Terrero
239,Will Finn
240,Charles Dance
241,Farah Khan
242,Masaaki Yuasa
243,Kay Pollak
244,Jaume Collet-Serra
245,Dave McKean
246,Greg McLean
247,Susan Stroman
248,Mike Bigelow
249,David Ayer
250,John Turturro
251,Cory Edwards
252,Niall Johnson
253,Jessica Bendinger
254,Greg Coolidge
255,Carlos Saldanha
256,John Bonito
257,Michael Mayer
258,Goran Dukic
259,Allen Coulter
260,Steve 'Spaz' Williams
261,Jim Sonzero
262,Katherine Brooks
263,David Silverman
264,Kevin Munroe
265,Thor Freudenthal
266,Jon Poll
267,Doug Lefler
268,Nicholas Stoller
269,Tomas Alfredson
270,Jon M. Chu
271,Howard McCain
272,Jimmy Hayward
273,Diane English
274,John Erick Dowdle
275,Marcel Langenegger
276,Guillermo Arriaga
277,Tony Leondis
278,Niels Arden Oplev
279,Olatunde Osunsanmi
280,Daniel Alfredson
281,Armando Iannucci
282,John Hindman
283,Ethan Maniquis
284,John Luessenhop
285,Christopher Morris
286,Jeong-beom Lee
287,Julie Anne Robinson
288,Quentin Dupieux
289,Miguel Sapochnik
290,Sang-soo Im
291,John Wells
292,Gilles Paquet-Brenner
293,Adam Wingard
294,Matthijs van Heijningen Jr.
295,Mark Mylod
296,Zal Batmanglij
297,Madonna
298,Gonzalo López-Gallego
299,Genndy Tartakovsky
300,Ariel Vromen
301,Mark Tonderai
302,Baltasar Kormákur
303,John Hyams
304,Anthony Hemingway
305,Leslye Headland
306,Sujoy Ghosh
307,Matt Ross
308,Mike Flanagan
309,Rob Epstein
310,Dan Mazer
311,Michael Tiddes
312,Keanu Reeves
313,Chad Stahelski
314,James Marsh
315,Ava DuVernay
316,Rob Thomas
317,Sam Miller
318,Ciarán Foy
319,Dexter Fletcher
320,Kabir Khan
321,Travis Cluff
322,William Oldroyd
323,Dan Trachtenberg
324,Travis Knight
325,Hallie Meyers-Shyer
326,Marc Meyers
327,Jeremy Dyson
328,Haifaa Al-Mansour
329,Pat Healy
330,Aneesh Chaganty
331,Bart Layton
332,Stephen Susco
333,Kim Nguyen
334,Pernille Fischer Christensen
335,Olivia Wilde
336,Robin Bissell
337,Josh Cooley
338,Andrea Berloff
339,Jill Culton
340,Dome Karukoski
341,Won-Tae Lee
342,Nicholas McCarthy
343,Gorô Taniguchi
344,Andoy Ranay
345,David Stuart Snell
346,Cathy Yan
347,Marcus Brown
348,Joseph Ebanks
349,Christine Jeffs
350,Rawson Marshall Thurber
351,Martin McDonagh
352,Jee-woon Kim
353,Rajkumar Hirani
354,Andrea Arnold
355,Raymond De Felitta
356,Kieran Mulroney
357,Andrew Jarecki
358,Nick Tomnay
359,Daniel Barnz
360,Gavin Wiesen
361,Paolo Sorrentino
362,Courteney Cox
363,Etan Cohen
364,Gregory Jacobs
365,Sean Mewshaw
366,Sang-ho Yeon
367,Mike Thurmeier
368,Sam Liu
369,Carles Torrens
370,David Leitch
371,Benny Boom
372,Jonathan Teplitzky
373,Shin-yeon Won
374,Ari Aster
375,Gerard McMurray
376,David Yarovesky
377,Gary Dauberman
378,Kevin Kölsch
379,Todd Strauss-Schulson
380,Sriram Raghavan
381,Jason Winer
382,Lee Cronin
401,Harold Ramis
402,Michael Apted
403,Anne Bancroft
404,Martin Davidson
405,Blake Edwards
406,John G. Avildsen
407,Joel Oliansky
408,Walter Bernstein
409,Wolfgang Petersen
410,Rick Rosenthal
411,Gary Sherman
412,Joe Dante
413,Graham Baker
414,Milos Forman
415,Peter Weir
416,Herb Freed
417,Robert J. Rosenthal
418,Michael Winner
419,Alan Rudolph
420,Kieth Merrill
421,Terry Gilliam
422,George Mihalka
423,Tobe Hooper
424,Herbert Ross
425,Ralph Bakshi
426,George Cukor
427,Oz Scott
428,Don Bluth
429,Eric Till
430,Paul Cox
431,Stan Dragoti
432,Jim McBride
433,Richard Franklin
434,Michael Chapman
435,Mel Damski
436,Jack Clayton
437,James Signorelli
438,Curtis Hanson
439,Carroll Ballard
440,Clive Smith
441,George P. Cosmatos
442,James Toback
443,Terry Bedford
444,Charles Burnett
445,David Drury
446,James Cameron
447,David Lynch
448,Joel Coen
449,Roger Donaldson
450,Neil Jordan
451,Robert Butler
452,Tengiz Abuladze
453,Dorian Walker
454,Marcelo Epstein
455,Ken Cameron
456,Peter Bogdanovich
457,Lisa Gottlieb
458,Hector Babenco
459,Joyce Chopra
460,Corey Yuen
461,David Nelson
462,Luca Bercovici
463,Jack Sholder
464,John McTiernan
465,Gene Taft
466,Peter Masterson
467,Coline Serreau
468,Cary Parker
469,Patrick Jamain
470,Mehdi Charef
471,Nelson Shin
472,Spike Lee
473,Ted Nicolaou
474,Julien Temple
475,Moshé Mizrahi
476,Bertrand Blier
477,Alan Clarke
478,Peter Werner
479,David Mamet
480,Peter R. Hunt
481,Paul Weiland
482,Christine Edzard
483,Peter MacDonald
484,Ron Shelton
485,Steven Kampmann
486,Roger Vadim
487,Jon Hess
488,Ernest Thompson
489,Andrew Fleming
490,Joan Micklin Silver
491,James Dearden
492,Pen Densham
493,Marisa Silver
494,Ron Clements
495,Jim Sheridan
496,Michael Schroeder
497,Robert Ellis Miller
498,Lee Grant
499,William Peter Blatty
500,Frank Henenlotter
501,Tom Stoppard
502,George Armitage
503,Peter Israelson
504,Trevor Nunn
505,Director
506,Eugene Corr
507,Gideon Amir
508,John Flynn
509,Wayne Wang
510,Michael Lehmann
511,Paul Flaherty
512,James B. Harris
513,Martin Campbell
514,Jeremiah S. Chechik
515,Michael Anderson
516,Bob Balaban
517,Jan Egleson
518,Tom Daley
519,Howard Brookner
520,Robert Shaye
521,Gregg Champion
522,Sondra Locke
523,Bernt Amadeus Capra
524,Gary Trousdale
525,Jack Bender
526,Rachel Talalay
527,Brian Levant
528,Lars von Trier
529,Fernando Trueba
530,Craig Bolotin
531,Gillies MacKinnon
532,Barnet Kellman
533,Andy Wolk
534,Barry Primus
535,Mark Herman
536,Henry Selick
537,Stephen Surjik
538,Joseph Vilsmaier
539,Charles Grosvenor
540,Jay Craven
541,Nanni Moretti
542,Gurinder Chadha
543,Stephen Cornwell
544,Jan de Bont
545,Peter Farrelly
546,Ben Stiller
547,James Yukich
548,Patrice Chéreau
549,Rory Kelly
550,Larry Clark
551,Mathieu Kassovitz
552,Kevin Lima
553,Christopher Ashley
554,Maria Maggenti
555,Marleen Gorris
556,Matthew Bright
557,Scott Hicks
558,David Evans
559,Peter O'Fallon
560,Mark Pavia
561,Mark Pellington
562,Andy Wilson
563,Robert Downey Sr.
564,Nancy Meyers
565,Terrence Malick
566,Mark Christopher
567,David Nutter
568,Christopher Nolan
569,Pat Proft
570,John Warren
571,Willard Carroll
572,M. Night Shyamalan
573,Hirotsugu Kawasaki
574,George Lucas
575,Spike Jonze
576,David Koepp
577,Kevin Williamson
578,Risa Bramon Garcia
579,Rand Ravich
580,Shane Meadows
581,Matt Williams
582,Antony Hoffman
583,Courtney Solomon
584,Douglas Aarniokoski
585,Dominic Anciano
586,Clarence Fok
587,Gene Quintano
588,Paris Barclay
589,Julian Schnabel
590,Tom DeCerchio
591,Hype Williams
592,Walter Salles
593,Hirokazu Koreeda
594,Predrag Antonijevic
595,Justin Kerrigan
596,Tim Hill
597,Michael Corrente
598,Rolf Schübel
599,Alejandro G. Iñárritu
600,Ye Lou
601,Clare Peploe
602,Richard Kelly
603,Louis C.K.
604,John A. Davis
605,Ashutosh Gowariker
606,Mitch Davis
607,Peter Kosminsky
608,Wallace Wolodarsky
609,Paul Greengrass
610,John Stainton
611,Rob Zombie
612,Tim McCanlies
613,Bo Welch
614,James Cox
615,Casey La Scala
616,Mikael Håfström
617,Marco Tullio Giordana
618,Linda Mendoza
619,David Gordon Green
620,John Eng
621,Nimród Antal
622,Shane Carruth
623,Cate Shortland
624,Sara Sugarman
625,Anurag Kashyap
626,Michael Clancy
627,Lexi Alexander
628,Robert Schwentke
629,Jason Reitman
630,Duncan Tucker
631,Andy Garcia
632,William Brent Bell
633,Doug Atchison
634,Michael O. Sajbel
635,James Gartner
636,Gregory Dark
637,Chris Robinson
638,Scott Glosserman
639,Nick Guthe
640,Dito Montiel
641,Gabor Csupo
642,Chris Miller
643,David Ross
644,Scott Frank
645,David L. Cunningham
646,Jonah Markowitz
647,Dave Meyers
648,Masayuki
649,Deborah Kampmeier
650,Eric Brevig
651,Byron Howard
652,Steve McQueen
653,Nelson McCormick
654,David Moreau
655,Bruce McDonald
656,Sam Fell
657,Marcos Siega
658,Courtney Hunt
659,Duncan Jones
660,Jaco Van Dormael
661,Ricky Gervais
662,Scott Cooper
663,Jean-Marc Vallée
664,Rick Jacobson
665,Tomm Moore
666,Steve Antin
667,Rodrigo Cortés
668,Samuel Bayer
669,Floria Sigismondi
670,Jay Duplass
671,Shana Feste
672,Jim Mickle
673,Sngmoo Lee
674,James Bobin
675,Mike Cahill
676,Simon Curtis
677,Bertrand Bonello
678,Ami Canaan Mann
679,Rupert Sanders
680,Seth MacFarlane
681,Nima Nourizadeh
682,Heitor Dhalia
683,Scott Speer
684,Brian Klugman
685,James Mather
686,Dustin Hoffman
687,Juan Solanas
688,Nick Love
689,Anurag Basu
690,Kirk DeMicco
691,Evan Goldberg
692,Andy Muschietti
693,Carl Rinsch
694,James Ponsoldt
695,Sebastián Cordero
696,Ayan Mukherjee
697,Wes Ball
698,Noam Murro
699,Christopher Miller
700,Jorge R. Gutiérrez
701,Philippe Falardeau
702,Charlie McDowell
703,Kristian Levring
704,Jalmari Helander
705,John Pogue
706,Roar Uthaug
707,Alfonso Gomez-Rejon
708,Michael Dougherty
709,Paul Gross
710,Patrick Brice
711,Daniel Lee
712,Elizabeth Wood
713,Hideaki Anno
714,Radhika Rao
715,Aaron Sorkin
716,Chris McKay
717,Björn Runge
718,Kogonada
719,Chloé Zhao
720,Andrew Jay Cohen
721,Sergio G. Sánchez
722,Fatih Akin
723,Christian Gudegast
724,Bo Burnham
725,Donovan Marsh
726,Otto Bathurst
727,Steven Caple Jr.
728,Boots Riley
729,Joe Penna
730,Mathew Cullen
731,Anthony Maras
732,Gregory Plotkin
733,Gustav Möller
734,Brady Corbet
735,Blake Harris
736,Director X.
737,Simon Kinberg
738,Gene Stupnitsky
739,Adrian Grunberg
740,Paul Downs Colaizzo
741,Tina Gordon
742,John Stalberg Jr.
743,Noble Jones
744,Ali Abbas Zafar
745,Dylan Thomas Ellis
746,Jeff Fowler
747,Dusty Dukatz
748,Rob Schmidt
749,Joseph Kahn
750,Jeff Wadlow
751,Robert Ben Garant
752,Michael Katleman
753,Yorgos Lanthimos
754,Chris Renaud
755,Asger Leth
756,Lisa Azuelos
757,William Eubank
758,Ari Sandel
759,Jeffrey Blitz
760,Kevin Connolly
761,Stacie Passon
762,Carol Morley
763,Emma Tammi
764,Lars Klevberg
765,Joanna Hogg
766,Frant Gwo
767,Lucio Castro
768,Tony Chan
769,Jung Da-Won
770,Sidney Poitier
771,Ken Russell
772,Stuart Rosenberg
773,Bruce Beresford
774,Harold Becker
775,Billy Wilder
776,Sylvester Stallone
777,Paul Lynch
778,Hal Needham
779,John Hough
780,James Goldstone
781,Steve Miner
782,Jim Henson
783,James Ivory
784,Ken Hughes
785,Jack Fisk
786,David Steinberg
787,Steven Lisberger
788,Buck Henry
789,Desmond Davis
790,David Cronenberg
791,Matthew Robbins
792,Peter Hyams
793,Martin Ritt
794,George Roy Hill
795,Ron Howard
796,Albert Pyun
797,Tim Hunter
798,Jean-Claude Lord
799,James Fargo
800,John Herzfeld
801,Luigi Cozzi
802,Alan Johnson
803,John Mackenzie
804,William Olsen
805,Donald Shebib
806,Tom Logan
807,Hugh Wilson
808,Martin Brest
809,Rob Reiner
810,W.D. Richter
811,Stephen Frears
812,Joel Silberg
813,Marvin J. Chomsky
814,John C. Broderick
815,Éric Rohmer
816,Gillian Armstrong
817,Paolo Taviani
818,Rob Cohen
819,Bobby Roth
820,Roy Battersby
821,Dan O'Bannon
822,Andrey Konchalovskiy
823,Geoff Murphy
824,Jûzô Itami
825,Neal Israel
826,Douglas Cheek
827,Danny Steinmann
828,Mike Hodges
829,Phillip Borsos
830,Edward Yang
831,Emir Kusturica
832,Arna Selznick
833,Harvey Miller
834,István Szabó
835,Penny Marshall
836,David Beaird
837,Bob Weinstein
838,Simon Langton
839,Jerrold Freedman
840,Joe Roth
841,Michael Gornick
842,John R. Cherry III
843,Ethan Wiley
844,Dennis Feldman
845,Mary Lambert
846,Charlie Loventhal
847,Stephen Carpenter
848,Peter Del Monte
849,Giuseppe Tornatore
850,Anthony Hickox
851,Yahoo Serious
852,Mike Leigh
853,Christopher Crowe
854,Martin Donovan
855,Joe Johnston
856,Gary David Goldberg
857,Dave Thomas
858,Kevin Costner
859,Andrew Bergman
860,Jean-Paul Rappeneau
861,Adam Simon
862,Chuck Russell
863,Terry Leonard
864,John Waters
865,Bruno Nuytten
866,Robert Englund
867,Uli Edel
868,Christopher Guest
869,Sally Mattison
870,Michael Verhoeven
871,Ate de Jong
872,Stephen Poliakoff
873,Burt Kennedy
874,Jerry Rees
875,Todd Haynes
876,Frank De Felitta
877,Fran Rubel Kuzui
878,Phil Roman
879,Geoffrey Wright
880,Tom Kalin
881,Gregg Araki
882,Neal Jimenez
883,Charlie Peters
884,Jacques Dorfmann
885,David Mickey Evans
886,Marco Brambilla
887,Andrew Birkin
888,Woo-Ping Yuen
889,Mikael Salomon
890,E. Max Frye
891,John Madden
892,Warren Leight
893,Alex Proyas
894,Kim Henkel
895,Pixote Hunt
896,Jeff Pollack
897,Alek Keshishian
898,Adam Rifkin
899,Michele Soavi
900,Antonia Bird
901,Paul W.S. Anderson
902,Betty Thomas
903,Robert Longo
904,Steve Oedekerk
905,Andy Tennant
906,Patricia Rozema
907,Michelangelo Antonioni
908,Paul Auster
909,Douglas McGrath
910,Hettie Macdonald
911,Greg Mottola
912,Jay Roach
913,Satoshi Kon
914,Bob Spiers
915,Lance Young
916,Kiyoshi Kurosawa
917,Andy Cadiff
918,Bob Koherr
919,William Nicholson
920,Frank Coraci
921,Darren Aronofsky
922,Vincent Gallo
923,Lance Mungia
924,Sarah Kernochan
925,Tamara Jenkins
926,Nicole Garcia
927,John Schultz
928,Chris Roberts
929,Peter Kassovitz
930,Scott Elliott
931,Alison Maclean
932,Todd Phillips
933,Peter Lord
934,Christopher McQuarrie
935,Britt Allcroft
936,David Raynr
937,Michael Almereyda
938,François Ozon
939,Joel Hershman
940,Davis Guggenheim
941,João Pedro Rodrigues
942,Guillermo del Toro
943,Gregory Nava
944,Gregory Hoblit
945,Susan Streitfeld
946,Dan Ireland
947,Bill Bennett
948,James F. Robinson
949,Gary Ross
950,Bob Saget
951,Damon Santostefano
952,Lloyd Kaufman
953,John Fawcett
954,Joe Charbanic
955,Joel Gallen
956,Brendan Malloy
957,Todd Field
958,Stephen Chow
959,Tommy O'Haver
960,Éva Gárdos
961,Farhan Akhtar
962,Paddy Breathnach
963,Tim Blake Nelson
964,Nicole Holofcener
965,Rob Pritts
966,Jacques Audiard
967,Chuck Sheetz
968,Jean-Claude Brisseau
969,Jonas Åkerlund
970,Jesse Vaughan
971,Kevin Donovan
972,John Polson
973,Takashi Shimizu
974,Peter Hastings
975,Catherine Hardwicke
976,Peter Webber
977,Aaron Blaise
978,Bille Woodruff
979,Patrick Gilmore
980,Prachya Pinkaew
981,Bruno Barreto
982,David Mackenzie
983,Fenton Bailey
984,Chris Rock
985,Jonathan Hensleigh
986,Gary Winick
987,Ethan Coen
988,Terry George
989,Jacob Estes
990,Laurence Dunmore
991,Christophe Honoré
992,Judd Apatow
993,Neil Marshall
994,Shane Black
995,Darren Lynn Bousman
996,Darren Grant
997,Miranda July
998,Gary Chapman
999,John Asher
1000,Mark Neveldine
1001,Neil Burger
1002,Rakeysh Omprakash Mehra
1003,Jody Hill
1004,Kirsten Sheridan
1005,John Carney
1006,Sergei Bodrov
1007,Alan Ball
1008,Sylvain White
1009,Carter Smith
1010,Pete Travis
1011,Shamim Sarif
1012,Frédéric Forestier
1013,Alex Kendrick
1014,Darnell Martin
1015,Ruben Fleischer
1016,Neill Blomkamp
1017,Marcus Dunstan
1018,Charles Guard
1019,Shane Acker
1020,Cheryl Hines
1021,Glenn Ficarra
1022,Francesca Gregorini
1023,Joseph Kosinski
1024,Lee Unkrich
1025,Ryan Murphy
1026,Anand Tucker
1027,Larysa Kondracki
1028,Daniel Espinosa
1029,Mitch Glazer
1030,Drew Goddard
1031,Tate Taylor
1032,Daniel Nettheim
1033,Joe Cornish
1034,John Michael McDonagh
1035,Andrew Haigh
1036,Alister Grierson
1037,Morten Tyldum
1038,Jason Moore
1039,Craig Zobel
1040,Steve Martino
1041,M.J. Bassett
1042,Lee Kirk
1043,Felix van Groeningen
1044,Todd Lincoln
1045,Lee Toland Krieger
1046,Cal Brunker
1047,Joseph Gordon-Levitt
1048,Nat Faxon
1049,Aharon Keshales
1050,Don McKellar
1051,Daniel Schechter
1052,Ken Scott
1053,Justin Zackham
1054,Gia Coppola
1055,Joshua Michael Stern
1056,Charlie Stratton
1057,Ritesh Batra
1058,Robert Stromberg
1059,Angelina Jolie
1060,Damián Szifron
1061,Leigh Janiak
1062,Wally Pfister
1063,Rowan Joffe
1064,Yann Demange
1065,Trish Sie
1066,James Simone
1067,Ruben Östlund
1068,Peter Strickland
1069,Roberts Gannaway
1070,Robert Eggers
1071,John Francis Daley
1072,Peter Sohn
1073,Duke Johnson
1074,Nishikant Kamat
1075,Martin Zandvliet
1076,Michael Showalter
1077,Alessandro Carloni
1078,David F. Sandberg
1079,Kelly Fremon Craig
1080,Clay Kaytis
1081,Chris Peckover
1082,Susan Johnson
1083,Ewan McGregor
1084,Sarah Adina Smith
1085,Stella Meghie
1086,Hany Abu-Assad
1087,Francis Lee
1088,Mike White
1089,Kevin Phillips
1090,Robin Campillo
1091,Jeff Tomsic
1092,Nadine Labaki
1093,Desiree Akhavan
1094,Tom Harper
1095,Michael Chaves
1096,Malik Bader
1097,Vikas Bahl
1098,Laure de Clermont-Tonnerre
1099,Abhishek Varman
1100,Jagan Shakti
1101,Britt Poulton
1102,Chuck Konzelman
1103,Roxanne Benjamin
1104,Chris Sanders
1105,Kenneth Smith
1106,Nkanya Nkwai
1107,Joe Nussbaum
1108,Tom Vaughan
1109,Juan Carlos Fresnadillo
1110,Ash Brannon
1111,Simon J. Smith
1112,Jim Field Smith
1113,Scott Stewart
1114,Nikolaj Arcel
1115,Joachim Rønning
1116,David Robert Mitchell
1117,Ryan Gosling
1118,Jeremy Garelick
1119,Tim Miller
1120,Thea Sharrock
1121,Maren Ade
1122,Taylor Sheridan
1123,Matt Spicer
1124,Andy Serkis
1125,Elise Durán
1126,Joo-hwan Kim
1127,Kirill Mikhanovsky
1128,Shelly Chopra Dhar
1129,Richard Grieco
1130,Apichatpong Weerasethakul
1131,Ryan Coogler
1132,Jemaine Clement
1133,Shin'ichirô Ushijima
1134,Jay Sandrich
1135,Kevin Connor
1136,Nancy Walker
1137,Daniel Petrie
1138,Steve Gordon
1139,Jerry Jameson
1140,Jerry Schatzberg
1141,Larry Peerce
1142,Sydney Pollack
1143,Bob Rafelson
1144,Gus Trikonis
1145,Byron Quisenberry
1146,Richard Donner
1147,Clive Donner
1148,Ivan Reitman
1149,Ivan Passer
1150,Michael Crichton
1151,Steven Hilliard Stern
1152,Garry Marshall
1153,Hal Ashby
1154,Bruce Paltrow
1155,Wim Wenders
1156,Lewis Teague
1157,Wolf Gremm
1158,Robert Taylor
1159,Adrian Lyne
1160,Noel Black
1161,Dick Lowry
1162,Bob Fosse
1163,Nagisa Ôshima
1164,Peter Sasdy
1401,John Sayles
1402,Robert Lieberman
1403,Nick Castle
1404,Leonard Nimoy
1405,Richard Tuggle
1406,Paul Bogart
1407,Károly Makk
1408,Susan Seidelman
1409,Kevin Reynolds
1410,Rudy De Luca
1411,Donna Deitch
1412,James Frawley
1413,Sam Peckinpah
1414,Robert Dalva
1415,Michael Radford
1416,Stewart Raffill
1417,David Lean
1418,Hy Averback
1419,Willard Huyck
1420,Mark Buntzman
1421,Richard Pearce
1422,Rod Amateau
1423,Lawrence Bassoff
1424,Rod Daniel
1425,Luc Besson
1426,Jim Sotos
1427,Luis Puenzo
1428,Hal Barwood
1429,David Hare
1430,Georges Lautner
1431,Howard Deutch
1432,John McNaughton
1433,Leos Carax
1434,Randa Haines
1435,Pedro Almodóvar
1436,Tom DeSimone
1437,Robert M. Young
1438,Andrew Lane
1439,Frank Harris
1440,Tom Mankiewicz
1441,Tibor Takács
1442,Lyndall Hobbs
1443,Janice Karman
1444,Jeff Bleckner
1445,Lindsay Anderson
1446,Lee Harry
1447,Melvin Frank
1448,Michael Hoffman
1449,John Duigan
1450,Peter Greenaway
1451,Stephen Chiodo
1452,Robert Bierman
1453,Ramón Menéndez
1454,Francis Megahy
1455,Kenneth Johnson
1456,Geoff Burrowes
1457,Catherine Breillat
1458,William Shatner
1459,Chris Walas
1460,David Webb Peoples
1461,Thomas J. Wright
1462,Jane Campion
1463,Jim Kouf
1464,Ildikó Enyedi
1465,Volker Schlöndorff
1466,Reginald Hudlin
1467,James Orr
1468,Martin Sheen
1469,Gary Nelson
1470,Jim Drake
1471,Mira Nair
1472,Glenn Gordon Caron
1473,Joe Pytka
1474,Jeff Burr
1475,James Isaac
1476,Robert Wise
1477,John Lafia
1478,Bob Hathcock
1479,Yves Robert
1480,John Erman
1481,Greydon Clark
1482,Christian Vincent
1483,Dan Aykroyd
1484,Isao Takahata
1485,Terry Hughes
1486,Bobcat Goldthwait
1487,Alain Corneau
1488,Julie Dash
1489,David Fincher
1490,Brett Leonard
1491,Sally Potter
1492,Régis Wargnier
1493,Ryû Murakami
1494,Roeland Kerbosch
1495,Ringo Lam
1496,Arthur Allan Seidelman
1497,Albert Hughes
1498,Duwayne Dunham
1499,Jennifer Lynch
1500,Fraser C. Heston
1501,Victor Nunez
1502,Kaige Chen
1503,Stephen Sommers
1504,Sang-ok Shin
1505,Ang Lee
1506,Patrick Hasburgh
1507,Sam Shepard
1508,Steven E. de Souza
1509,Sam Weisman
1510,Peter Segal
1511,John Pasquin
1512,Betty Kaplan
1513,Steven Seagal
1514,David O. Russell
1515,Doug McHenry
1516,Adam Resnick
1517,Boaz Yakin
1518,Stuart Orme
1519,George Huang
1520,Gérard Corbiau
1521,Xavier Koller
1522,Brad Silberling
1523,Holly Goldberg Sloan
1524,Joe Chappelle
1525,Melanie Mayron
1526,Noah Baumbach
1527,Philip Haas
1528,Stacy Title
1529,Benoît Jacquot
1530,David Frankel
1531,Paul Thomas Anderson
1532,Stuart Baird
1533,Bronwen Hughes
1534,Jean-Claude Van Damme
1535,Lisa Krueger
1536,Steven Baigelman
1537,Dale Rosenbloom
1538,Jim Gillespie
1539,Jonathan Mostow
1540,Stephen Kessler
1541,Trey Parker
1542,Robert Kurtzman
1543,Erik Skjoldbjærg
1544,Sammo Kam-Bo Hung
1545,Michael Davis
1546,Guy Ritchie
1547,Tony Bancroft
1548,Eric Darnell
1549,Antoine Fuqua
1550,François Girard
1551,David Moreton
1552,Joe Gayton
1553,Mike Mitchell
1554,John Bruno
1555,Michael Cristofer
1556,Mark Tarlov
1557,Hiroyuki Okiura
1558,Scott Silver
1559,Frédéric Fonteyne
1560,Gina Prince-Bythewood
1561,Andrzej Bartkowiak
1562,Valerie Breiman
1563,John Ottman
1564,Samantha Lang
1565,Jon Turteltaub
1566,Roger Avary
1567,Jefery Levy
1568,Edward Burns
1569,Gore Verbinski
1570,Alejandro Amenábar
1571,Gaspar Noé
1572,James Merendino
1573,Robert Iscove
1574,Peyton Reed
1575,Jack Fletcher
1576,Bill Eagles
1577,Pete Docter
1578,Jesse Dylan
1579,Demian Lichtenstein
1580,Daniel Sackheim
1581,Takashi Miike
1582,Francine McDougall
1583,Danis Tanovic
1584,Chris Weitz
1585,Rintaro
1586,Steven Shainberg
1587,Louis Leterrier
1588,Ed Decter
1589,Park Chan-Wook
1590,John Lee Hancock
1591,David Jacobson
1592,Dewey Nicks
1593,Seth Kearsley
1594,Susanne Bier
1595,Austin Chick
1596,Andrew Stanton
1597,Wolfgang Becker
1598,Billy Ray
1599,Richard Kwietniowski
1600,Jared Hess
1601,Paul Haggis
1602,Pitof
1603,Kerry Conran
1604,Angela Robinson
1605,Christophe Barratier
1606,Marco Kreuzpaintner
1607,Bennett Miller
1608,Craig Brewer
1609,Geoffrey Sax
1610,Bent Hamer
1611,Sturla Gunnarsson
1612,Christian Carion
1613,Jonathan Dayton
1614,James Gunn
1615,Gil Kenan
1616,Liz Friedlander
1617,Todd Robinson
1618,Xavier Gens
1619,Mennan Yapo
1620,Martin Weisz
1621,Justin Chadwick
1622,Kent Alterman
1623,Ryûhei Kitamura
1624,Yôjirô Takita
1625,Joel Hopkins
1626,Marc Webb
1627,Tom Six
1628,Christian Alvart
1629,Patrick Tatopoulos
1630,Michael Spierig
1631,Lone Scherfig
1632,Phil Traill
1633,Luca Guadagnino
1634,Cary Joji Fukunaga
1635,Oren Moverman
1636,Gareth Edwards
1637,Tom McGrath
1638,David Michôd
1639,William Monahan
1640,Dallas Jenkins
1641,Dan Rush
1642,Gareth Evans
1643,Paul Johansson
1644,Måns Mårlind
1645,Peter Ramsey
1646,Sacha Gervasi
1647,Josh Boone
1648,Chris Butler
1649,Alan Taylor
1650,Abdellatif Kechiche
1651,Dan Scanlon
1652,Steven Knight
1653,Don Scardino
1654,Jerusha Hess
1655,John Krokidas
1656,Jeff Tremaine
1657,Peter Landesman
1658,Jonathan Milott
1659,Levan Gabriadze
1660,Jon Watts
1661,Bryan Buckley
1662,Christopher Landon
1663,Ilya Naishuller
1664,Hannes Holm
1665,Matt Brown
1666,John Maclean
1667,François Simard
1668,Julia Ducournau
1669,Anna Foerster
1670,Dan Kwan
1671,Jason Zada
1672,Takeshi Nozue
1673,Michael Gracey
1674,Michael Noer
1675,Johannes Roberts
1676,Jeff Baena
1677,Stuart Hazeldine
1678,Justin Chon
1679,Duncan Skiles
1680,Chang-dong Lee
1681,Carlos López Estrada
1682,Paul Dano
1683,Ali Abbasi
1684,Diederik Van Rooijen
1685,Kenji Nagasaki
1686,Jesse V. Johnson
1687,Yu Yang
1688,Sujeeth
1689,Laxman Utekar
1690,Robert Fernandez
1691,Nacho G. Velilla
1692,Yutaka Uemura
1693,Antoinette Jadaone
1694,Raj Kumar Gupta
1695,Scott Teems
1696,Bart Freundlich
1697,Gabriele Muccino
1698,Richard LaGravenese
1699,Philip G. Atwell
1700,Céline Sciamma
1701,J.P. Schaefer
1702,Richard J. Lewis
1703,Benh Zeitlin
1704,Jake Schreier
1705,Jennifer Kent
1706,Benny Safdie
1707,Henry Hobson
1708,Pablo Larraín
1709,John Krasinski
1710,Dominic Cooke
1711,Simon Baker
1712,Jonah Hill
1713,Tim Kirkby
1714,Gail Mancuso
1715,Rich Christiano
1716,Aneesh Daniel
1717,Richard Lester
1718,Alan Parker
1719,Eric Karson
1720,Vincent McEveety
1721,Andrzej Zulawski
1722,Mark Rydell
1723,Alan Myerson
1724,Mike Newell
1725,Lang Elliott
1726,Vladimir Menshov
1727,Gary Weis
1728,Mike Nichols
1729,Carl Gottlieb
1730,Oliver Stone
1731,Joel Schumacher
1732,George A. Romero
1733,Tommy Lee Wallace
1734,Sidney J. Furie
1735,Guy Hamilton
1736,John Glen
1737,Directors
1738,Frank Perry
1739,Francis Ford Coppola
1740,Mickey Rose
1741,Ken Wiederhorn
1742,Carl Reiner
1743,Ian Sharp
1744,John Frankenheimer
1745,Delbert Mann
1746,Thomas K. Avildsen
1747,Don Siegel
1748,Fred Zinnemann
1749,Jamaa Fanaka
1750,Fumihiko Takayama
1751,Philip Kaufman
1752,Martha Coolidge
1753,Tony Scott
1754,Bill Forsyth
1755,George Bowers
1756,Howard Avedis
1757,Brian G. Hutton
1758,Wilford Leach
1759,Lewis Gilbert
1760,Robert Mandel
1761,Jonathan Kaplan
1762,Cirio H. Santiago
1763,Roland Klick
1764,Mark Pirro
1765,Joseph Ruben
1766,Charles E. Sellier Jr.
1767,Ruggero Deodato
1768,William Malone
1769,Simon Wincer
1770,Andrew Davis
1771,Christopher Cain
1772,Douglas Trumbull
1773,Enzo G. Castellari
1774,Just Jaeckin
1775,Malcolm Mowbray
1776,Armyan Bernstein
1777,Richard C. Sarafian
1778,Ippei Kuri
1779,Paul Donovan
1780,Michael Pearce
1781,Rob Nilsson
1782,Petru Popescu
1783,Stephen Herek
1784,Brian Gibson
1785,Fred Walton
1786,Claude Berri
1787,Duncan Gibbins
1788,Kevin Tenney
1789,Prince
1790,George Mendeluk
1791,Jeffrey Delman
1792,William Fruet
1793,Bob Swaim
1794,Gene Saks
1795,Henning Carlsen
1796,Chris Columbus
1797,Gary Goddard
1798,Bruce Robinson
1799,William Dear
1800,Barbet Schroeder
1801,Norman Mailer
1802,Gabriel Axel
1803,Phil Joanou
1804,Phil Alden Robinson
1805,George Scribner
1806,Kar-Wai Wong
1807,Bud S. Smith
1808,Carl Schultz
1809,Frank LaLoggia
1810,David Green
1811,Geneviève Robert
1812,Gary Sinise
1813,William Webb
1814,Janet Greek
1815,Terence Davies
1816,Richard Greenberg
1817,Todd Holland
1818,Stephen Hopkins
1819,Carl Schenkel
1820,Norman René
1821,Mel Smith
1822,Jeff Blyth
1823,Patrice Leconte
1824,Richard Linklater
1825,Richard Stanley
1826,Bob Logan
1827,Tom Ropelewski
1828,Roger L. Simon
1829,Edward Zwick
1830,Paul Newman
1831,Dwight H. Little
1832,Keenen Ivory Wayans
1833,William Richert
1834,Daniel Goldberg
1835,Richard Baskin
1836,Greg Beeman
1837,Richard Correll
1838,Kristine Peterson
1839,Guy Maddin
1840,Alfonso Cuarón
1841,Peter Hewitt
1842,Michael Mak
1843,Mario Van Peebles
1844,Michael Tolkin
1845,Simon Moore
1846,Maurice Phillips
1847,Sylvio Tabet
1848,Jocelyn Moorhouse
1849,George Gallo
1850,Michael Lindsay-Hogg
1851,Peter Jackson
1852,Baz Luhrmann
1853,Claude Sautet
1854,Chris Menges
1855,Ming-liang Tsai
1856,Tamra Davis
1857,Colin Nutley
1858,Brian Yuzna
1859,Steven Zaillian
1860,Richard Williams
1861,Anh Hung Tran
1862,Scott McGehee
1863,Charles Haid
1864,John Roberts
1865,Matty Rich
1866,Bryan Singer
1867,Mamoru Oshii
1868,Andrew Sipes
1869,Michael Moore
1870,Peter Hall
1871,Preston A. Whitmore II
1872,Tom Hanks
1873,Nicolas Winding Refn
1874,David Twohy
1875,Steve Buscemi
1876,Annette Haywood-Carter
1877,Martin Lawrence
1878,Larry Leker
1879,Doug Ellin
1880,Bill Couturié
1881,Vincenzo Natali
1882,Mark A.Z. Dippé
1883,Félix Enríquez Alcalá
1884,Rob Sitch
1885,Robert Duvall
1886,Tony Kaye
1887,Tom Tykwer
1888,Kevin Rodney Sullivan
1889,Lisa Cholodenko
1890,Julio Medem
1891,John Pieplow
1892,Steve Boyum
1893,Sam Mendes
1894,Kinka Usher
1895,Tony Goldwyn
1896,Bruce McCulloch
1897,Julie Taymor
1898,Rick Famuyiwa
1899,Colette Burson
1900,Jean-Pierre Dardenne
1901,Jim Fall
1902,Danny Leiner
1903,Ben Younger
1904,Edward Norton
1905,E. Elias Merhige
1906,Joan Chen
1907,Ed Harris
1908,Janusz Kaminski
1909,Jean-Claude Lauzon
1910,Robert De Niro
1911,Jeremy Leven
1912,Michael Austin
1913,Scott Kalvert
1914,Peter Horton
1915,Jerry Zaks
1916,Mary Harron
1917,Kasi Lemmons
1918,Kevin Allen
1919,Harry Elfont
1920,Tarsem Singh
1921,Thomas Bezucha
1922,Terry Zwigoff
1923,John Moore
1924,Gregory Poirier
1925,Blair Hayes
1926,Richard Eyre
1927,Alan Cumming
1928,Michel Gondry
1929,Jon Favreau
1930,David Atkins
1931,Rob Marshall
1932,George Clooney
1933,Marc Lawrence
1934,Justin Lin
1935,Perry Andelin Blake
1936,Michael Lembeck
1937,Cédric Klapisch
1938,Don Michael Paul
1939,Tommy Wiseau
1940,Audrey Wells
1941,Vadim Perelman
1942,Wayne Kramer
1943,John Crowley
1944,Andrew Black
1945,Jeff Schaffer
1946,James Wan
1947,Matthew Vaughn
1948,Zack Snyder
1949,Brian Dannelly
1950,Christopher Erskin
1951,Nicole Kassell
1952,Chris Stokes
1953,Ziad Doueiri
1954,Sanjay Gadhvi
1955,James McTeigue
1956,Joss Whedon
1957,Rob McKittrick
1958,Rian Johnson
1959,Bruce Hunt
1960,Hideo Nakata
1961,Steve Box
1962,Mike Mills
1963,Kevin Macdonald
1964,Steve Pink
1965,Elizabeth Allen Rosenbaum
1966,Alejandro Agresti
1967,Adam Green
1968,Matthew O'Callaghan
1969,Gorô Miyazaki
1970,Ryan Fleck
1971,Michael Polish
1972,Colin Brady
1973,Wil Shriner
1974,David Yates
1975,Josh Gordon
1976,Colin Strause
1977,Nacho Vigalondo
1978,Tony Gilroy
1979,Olivier Dahan
1980,José Padilha
1981,Danny Pang
1982,Jeff Nichols
1983,George Ratliff
1984,Bernie Goldmann
1985,Bryan Bertino
1986,Clark Gregg
1987,Robert B. Weide
1988,Olivier Megaton
1989,George C. Wolfe
1990,A.R. Murugadoss
1991,Jeffrey Nachmanoff
1992,Kyle Newman
1993,Phil Lord
1994,Tom Ford
1995,Philippe Diaz
1996,Kevin Greutert
1997,Steve Shill
1998,Asghar Farhadi
1999,Ti West
2000,Michel Franco
2001,Jordan Scott
2002,Debra Granik
2003,Anna Boden
2004,Jorma Taccone
2005,Panos Cosmatos
2006,Hiromasa Yonebayashi
2007,Massy Tadjedin
2008,Malcolm Venville
2009,Ben Palmer
2010,Christian E. Christiansen
2011,Lynn Shelton
2012,Stephen Chbosky
2013,Nicholas Jarecki
2014,Henry Alex Rubin
2015,Bradley Parker
2016,Petter Næss
2017,Declan Donnellan
2018,Paul Andrew Williams
2019,Josh Schwartz
2020,James DeMonaco
2021,Fede Alvarez
2022,Destin Daniel Cretton
2023,Joe Lynch
2024,Lake Bell
2025,Scott Waugh
2026,Max Nichols
2027,Harold Cronk
2028,Jordan Rubin
2029,Stiles White
2030,Sanyuan Peng
2031,Paco Cabezas
2032,Paul Tibbitt
2033,Deniz Gamze Ergüven
2034,Oz Perkins
2035,Dean Israelite
2036,Ross Katz
2037,Ivan Sen
2038,Dave Green
2039,Simon Aboud
2040,Dax Shepard
2041,Dorota Kobiela
2042,Charlie Bean
2043,Gabriela Cowperthwaite
2044,Ash Avildsen
2045,Ken Marino
2046,Michael Carney
2047,Luis Prieto
2048,Bob Persichetti
2049,Stefano Sollima
2050,Kay Cannon
2051,Drew Pearce
2052,Bill Holderman
2053,David Kerr
2054,Nick Park
2055,Tatsuya Nagamine
2056,Stephen Merchant
2057,Justin Baldoni
2058,Lulu Wang
2059,Abhishek Chaubey
2060,Sang-Geun Lee
2061,Shane Stanley
2062,Jason Kwan
2063,Scott Pryor
2064,Kevin Shulman
2065,Andrey Zvyagintsev
2066,Eric Bress
2067,Michael Dowse
2068,Richard Shepard
2069,Stefen Fangmeier
2070,Jonathan King
2071,Chris Sivertson
2072,Nanette Burstein
2073,Sean Durkin
2074,Gaby Dellal
2075,Henry Joost
2076,Jon Lucas
2077,Kriv Stenders
2078,Alan Rickman
2079,Russell Crowe
2080,Kyle Patrick Alvarez
2081,Shinji Higuchi
2082,Jake Szymanski
2083,Andrew Neel
2084,Sebastián Lelio
2085,Dean Devlin
2086,Janus Metz
2087,Claire McCarthy
2088,Phil Johnston
2089,Riley Stearns
2090,Akiv Ali
2091,Eddie Mensore
2092,Stefan C. Schaefer
2093,Deon Taylor
2094,Walter Hill
2095,Robert Altman
2096,Robert Redford
2097,Ron Maxwell
2098,Tony Bill
2099,Claudia Weill
2100,Karel Reisz
2101,Steve Rash
2102,Martin Scorsese
2103,Michael Cimino
2104,Woody Allen
2105,Piers Haggard
2106,Bill Persky
2107,Bill Melendez
2108,John Huston
2109,Chuck Barris
2110,Ingmar Bergman
2111,Jonathan Demme
2112,Franco Zeffirelli
2113,Burt Reynolds
2114,Peter Medak
2115,Luis Valdez
2116,John Badham
2117,Ferdinando Baldi
2118,Don Coscarelli
2119,Juan Piquer Simón
2120,Ken Finkleman
2121,Michael Miller
2122,Steve Carver
2123,David Schmoeller
2124,Robert Mulligan
2125,Fred Schepisi
2126,James Glickenhaus
2127,Jerry Belson
2128,Joe Layton
2129,Peter Markle
2130,Joseph Sargent
2131,Jeremy Kagan
2132,Amy Holden Jones
2133,Ferdinand Fairfax
2134,Mark L. Lester
2135,Paul Bartel
2136,Menahem Golan
2137,Robert Vincent O'Neil
2138,Lynne Littman
2139,Jim Jarmusch
2140,John Guillermin
2141,Charles Shyer
2142,Ted Berman
2143,Bill Norton
2144,Dick Clement
2145,Gavin Millar
2146,Raju Patel
2147,Ray Lawrence
2148,William Asher
2149,Ian Mune
2150,David Seltzer
2151,Tom McLoughlin
2152,Charles Martin Smith
2153,Thomas Michael Donnelly
2154,Harley Cokeliss
2155,Jim Goddard
2156,Denys Arcand
2157,Bill Sherwood
2158,Tom Moore
2159,Dominic Orlando
2160,Fred Olen Ray
2161,Bernardo Bertolucci
2162,Marek Kanievska
2163,Jimmy Huston
2164,Jeffrey Bloom
2165,William Phelps
2166,Bille August
2167,Pat O'Connor
2168,René Laloux
2169,David Keith
2170,David DeCoteau
2171,Robert Collector
2172,Arthur Penn
2173,Charles Crichton
2174,Tony Randel
2175,Dennis Hopper
2176,Zelda Barron
2177,Mark Goldblatt
2178,Joan Freeman
2179,Annabel Jankel
2180,Claire Denis
2181,Bernard Rose
2182,Paul Golding
2183,David Stevens
2184,Bill Fishman
2185,Steve Kloves
2186,Masami Hata
2187,Larry Cohen
2188,John Howley
2189,Gérard Kikoïne
2190,John D. Hancock
2191,Michael A. Simpson
2192,David Odell
2193,Jerry Zucker
2194,Jack Nicholson
2195,Hendel Butoy
2196,Abbas Kiarostami
2197,Agnieszka Holland
2198,Joseph Barbera
2199,Robert Resnikoff
2200,Nadia Tass
2201,Dale Schott
2202,Euzhan Palcy
2203,Michael Herz
2204,Jim Wheat
2205,Frank Marshall
2206,Dennis Dugan
2207,Emile Ardolino
2208,Franco Amurri
2209,James D. Parriott
2210,Katt Shea
2211,Cynthia Scott
2212,Haruki Kadokawa
2213,John Singleton
2214,Bryan Gordon
2215,Barry Sonnenfeld
2216,Jon Avnet
2217,Daniel Petrie Jr.
2218,Marc Caro
2219,Sean Penn
2220,Jonathan Wacks
2221,James Lapine
2222,Heywood Gould
2223,Jeffrey Hornaday
2224,Mary Agnes Donoghue
2225,Rodman Flender
2226,Maurice Pialat
2227,Roberto Benigni
2228,Quentin Tarantino
2229,Roland Emmerich
2230,Les Mayfield
2231,Ernest R. Dickerson
2232,Rémy Belvaux
2233,Stanley Tong
2234,Bruce W. Smith
2235,Darrell Roodt
2236,Arne Glimcher
2237,Nora Ephron
2238,Hark Tsui
2239,Dominic Sena
2240,Mark Jones
2241,Adam Marcus
2242,Mel Gibson
2243,Michael Steinberg
2244,Tom Shadyac
2245,Kevin Smith
2246,David Carson
2247,Hart Bochner
2248,Andrew Scheinman
2249,Richard Rich
2250,Stephen Norrington
2251,Caroline Thompson
2252,Jessie Nelson
2253,Charles T. Kanganis
2254,James Gray
2255,Gary Jones
2256,Milcho Manchevski
2257,Beeban Kidron
2258,Mike Gabriel
2259,Victor Salva
2260,Kevin James Dobson
2261,James Mangold
2262,John Fortenberry
2263,Michael Winterbottom
2264,John Payson
2265,Jim Wilson
2266,Matthew Broderick
2267,Alan Mehrez
2268,Andrew Niccol
2269,Harmony Korine
2270,Majid Majidi
2271,Sean Mathias
2272,Nick Cassavetes
2273,Neil LaBute
2274,Karan Johar
2275,Igor Kovalyov
2276,David Veloz
2277,Neil Abramson
2278,Jake Kasdan
2279,Paul Weitz
2280,Brian Helgeland
2281,Michael Haigney
2282,Martha Fiennes
2283,Jonathan Glazer
2284,Stephen Daldry
2285,Tom Dey
2286,Virginie Despentes
2287,Andrew Dominik
2288,Joe Berlinger
2289,Des McAnuff
2290,Béla Tarr
2291,Fabián Bielinsky
2292,Karyn Kusama
2293,Kamal Haasan
2294,Jun Falkenstein
2295,Del Shores
2296,Bill Kroyer
2297,Bruce A. Evans
2298,John Whitesell
2299,Lee Tamahori
2300,Steven Brill
2301,Christian Duguay
2302,Jafar Panahi
2303,Robert Harling
2304,Tony Cinciripini
2305,Kimberly Peirce
2306,Lynne Ramsay
2307,Jeff Franklin
2308,Bonnie Hunt
2309,Rod Lurie
2310,Mark Piznarski
2311,Rakesh Roshan
2312,Bibo Bergeron
2313,Robert Luketic
2314,Sharon Maguire
2315,J.B. Rogers
2316,Luke Greenfield
2317,Tom Green
2318,Chris Nahon
2319,Barry Skolnick
2320,Oliver Hirschbiegel
2321,Charles Herman-Wurmfeld
2322,Brian Koppelman
2323,Michael Cuesta
2324,DJ Pooh
2325,Mark Brown
2326,Kurt Wimmer
2327,Sanjay Leela Bhansali
2328,Robin Budd
2329,Wych Kaosayananda
2330,Patricia Cardoso
2331,Marcus Nispel
2332,Uwe Boll
2333,Je-yong Lee
2334,David Hillenbrand
2335,Reggie Rock Bythewood
2336,Damian Nieman
2337,Ryan Little
2338,Matthew Ryan Hoge
2339,Clare Kilner
2340,Adam McKay
2341,Zach Braff
2342,Dennis Gansel
2343,Joe Wright
2344,Frank Miller
2345,Barry W. Blaustein
2346,Ol Parker
2347,John Maybury
2348,Florent-Emilio Siri
2349,John Gulager
2350,John Hillcoat
2351,Andy Fickman
2352,Sean Ellis
2353,Anne Fletcher
2354,Guillaume Canet
2355,Neil Armfield
2356,Mark Palansky
2357,Ericson Core
2358,Joachim Trier
2359,Christopher Smith
2360,Mark Helfrich
2361,Adrienne Shelly
2362,John August
2363,Daniel Waters
2364,Taika Waititi
2365,Gavin Hood
2366,Phyllida Lloyd
2367,Michael Patrick King
2368,Fred Wolf
2369,Ric Roman Waugh
2370,Charlie Kaufman
2371,David Hackl
2372,Tom Putnam
2373,Dave Filoni
2374,Sanaa Hamri
2375,Matteo Garrone
2376,Masayuki Ochiai
2377,Ari Folman
2378,S.R. Bindler
2379,Will Gluck
2380,Juan José Campanella
2381,Peter Billingsley
2382,Stewart Hendler
2383,Lee Daniels
2384,Grant Heslov
2385,David Pastor
2386,Hoyt Yeatman
2387,Daniel Barber
2388,Richard Ayoade
2389,Susanna White
2390,Alan Poul
2391,Troy Nixey
2392,Brad Furman
2393,Steven Quale
2394,Gary McKendry
2395,Ben Wheatley
2396,Sarah Polley
2397,Alex Gregory
2398,Malgorzata Szumowska
2399,Nuri Bilge Ceylan
2400,Colin Trevorrow
2401,Michael Sucsy
2402,David Palmer
2403,Stephen Elliott
2404,Ramaa Mosley
2405,Josh Radnor
2406,Amma Asante
2407,Brian Percival
2408,Jeremy Saulnier
2409,Jason Bateman
2410,Dan Gilroy
2411,Don Hall
2412,Michaël R. Roskam
2413,Erik Van Looy
2414,Richard Glatzer
2415,Bill Pohlad
2416,Vic Armstrong
2417,Marielle Heller
2418,Brett Haley
2419,Rupert Goold
2420,Agnieszka Smoczynska
2421,Gary Rydstrom
2422,Simon Stone
2423,Sang-hoon Ahn
2424,Greg Tiernan
2425,Garth Davis
2426,Babak Najafi
2427,Jeremy Gillespie
2428,Peter Atencio
2429,Jordan Peele
2430,Brian Fee
2431,Cory Finley
2432,James Franco
2433,Ry Russo-Young
2434,Denise Di Novi
2435,F. Javier Gutiérrez
2436,Max Winkler
2437,Paolo Virzì
2438,Christian Rivers
2439,Abby Kohn
2440,Adam Robitel
2441,Bethany Ashton Wolf
2442,Jonathan Baker
2443,John Andreas Andersen
2444,Tyler Nilson
2445,Nisha Ganatra
2446,Vincent D'Onofrio
2447,Le-Van Kiet
2448,Mark Bramble
2449,Sylvain Chomet
2450,Tim Johnson
2451,Robin Swicord
2452,Derrick Borte
2453,Peter Cornwell
2454,Julia Leigh
2455,Sean Baker
2456,Homi Adajania
2457,Camille Delamarre
2458,Justin Benson
2459,S.S. Rajamouli
2460,Amat Escalante
2461,Aniruddha Roy Chowdhury
2462,Crispian Mills
2463,Nash Edgerton
2464,Pella Kagerman
2465,Byeong-heon Lee
2466,Claudio Giovannesi
2467,Tony Wash
2468,Jerry Mitchell
2469,Jim Abrahams
2470,John Landis
2471,Jeannot Szwarc
2472,Richard Fleischer
2473,Ulli Lommel
2474,Joe Camp
2475,Wing-Cho Yip
2476,Steven Spielberg
2477,Bob Clark
2478,Bruce Malmuth
2479,Federico Fellini
2480,Marty Feldman
2481,Sidney Lumet
2482,Paul Grimault
2483,Michael Pressman
2484,John Boorman
2485,Alan Alda
2486,Peter Yates
2487,William A. Fraker
2488,Franklin J. Schaffner
2489,Terence Young
2490,Stuart Gillard
2491,Floyd Mutrux
2492,Lawrence Kasdan
2493,Ulu Grosbard
2494,Michael Wadleigh
2495,Jean-Jacques Beineix
2496,John Schlesinger
2497,Jacques Rivette
2498,Patricia Birch
2499,Richard Attenborough
2500,John Irvin
2501,John Milius
2502,Tom Kennedy
2503,Philippe Mora
2504,Norman Jewison
2505,Richard Brooks
2506,Richard Loncraine
2507,Caleb Deschanel
2508,John Wintergate
2509,Paul Brickman
2510,Michael Laughlin
2511,Michael Tuchner
2512,Lawrence David Foldes
2513,Sergio Leone
2514,John Hughes
2515,Hayao Miyazaki
2516,Mark Griffiths
2517,Gene Wilder
2518,Alex Cox
2519,Thom Eberhardt
2520,Albert Magnoli
2521,Roger Young
2522,William Tannen
2523,Douglas Day Stewart
2524,Paul Verhoeven
2525,Tim Burton
2526,Stuart Gordon
2527,Howard Storm
2528,Robert Clouse
2529,Andrew V. McLaglen
2530,Sam Firstenberg
2531,Franc Roddam
2532,Akira Kurosawa
2533,Alan Metter
2534,David Greenwalt
2535,Lasse Hallström
2536,Roland Joffé
2537,Lance Hool
2538,Bud Yorkin
2539,Brian Gilbert
2540,David Anspaugh
2541,Fred Dekker
2542,Derek Jarman
2543,Jimmy T. Murakami
2544,Peter Manoogian
2545,Marco Bellocchio
2546,Renny Harlin
2547,Claude Lelouch
2548,Clive Barker
2549,Danny DeVito
2550,David Hugh Jones
2551,Elaine May
2552,Cheech Marin
2553,David Leland
2554,Donald Cammell
2555,Diane Kurys
2556,Katsuhiro Ôtomo
2557,Newt Arnold
2558,Stan Winston
2559,Rowdy Herrington
2560,Mike Figgis
2561,Charles Sturridge
2562,Marc Rocco
2563,Damian Harris
2564,John Harrison
2565,Whit Stillman
2566,Michelle Manning
2567,Donald Petrie
2568,Peter Bonerz
2569,Cedric Sundstrom
2570,Harry Hook
2571,John Patrick Shanley
2572,Yimou Zhang
2573,Jodie Foster
2574,Tom DiCillo
2575,Eric Red
2576,Kevin Hooks
2577,Mark Joffe
2578,Claude Chabrol
2579,Radha Bharadwaj
2580,Avi Nesher
2581,David Price
2582,Carl Franklin
2583,Alfonso Arau
2584,Tim Robbins
2585,Allison Anders
2586,Martin Bell
2587,Anthony Drazan
2588,Djibril Diop Mambéty
2589,Mark Frost
2590,George Sluizer
2591,Tom Stern
2592,Mike Binder
2593,Christopher Coppola
2594,Daniel Algrant
2595,Jonathan Prince
2596,P.J. Hogan
2597,Allan A. Goldstein
2598,Ted Demme
2599,Adam Bernstein
2600,John Bailey
2601,Eric Meza
2602,Tia Brelis
2603,Lesli Linka Glatter
2604,John N. Smith
2605,Gregory Widen
2606,Forest Whitaker
2607,Gary Fleder
2608,J.F. Lawton
2609,Tab Murphy
2610,Daisy von Scherler Mayer
2611,Lana Wachowski
2612,Billy Bob Thornton
2613,Campbell Scott
2614,Jason Bloom
2615,David Hogan
2616,David R. Ellis
2617,Lynne Stopkewich
2618,Michael Goldenberg
2619,Matt Reeves
2620,Reb Braddock
2621,Simon West
2622,Raja Gosnell
2623,David Mirkin
2624,George Tillman Jr.
2625,Brett Ratner
2626,Shuki Levy
2627,Steve James
2628,John Patrick Kelley
2629,Brenda Chapman
2630,Shekhar Kapur
2631,Cédric Kahn
2632,Peter Berg
2633,Kunihiko Yuyama
2634,Skip Woods
2635,Troy Miller
2636,Jonathan Darby
2637,Dean Semler
2638,Rodney Gibbons
2639,Sofia Coppola
2640,Troy Duffy
2641,Josef Rusnak
2642,Anne Wheeler
2643,Mic Rodgers
2644,Takao Okawara
2645,Louis Morneau
2646,Peter Ho-Sun Chan
2647,Antonio Banderas
2648,Max Färberböck
2649,McG
2650,James Wong
2651,Asia Argento
2652,Diane Keaton
2653,Miguel Arteta
2654,Jay Russell
2655,Stig Bergqvist
2656,Gérard Krawczyk
2657,Silvio Soldini
2658,Vincent Ward
2659,Roger Allers
2660,Stephan Elliott
2661,Oliver Parker
2662,Rick Stevenson
2663,Griffin Dunne
2664,Lukas Moodysson
2665,Gary Halvorson
2666,Eric Leighton
2667,Kim Ki-duk
2668,Michael Haneke
2669,Denis Villeneuve
2670,Chuck Parello
2671,Eric Blakeney
2672,Andrew Adamson
2673,David Wain
2674,Christophe Gans
2675,Adam Shankman
2676,John Cameron Mitchell
2677,Jordan Melamed
2678,Lawrence Guterman
2679,Caroline Link
2680,John Stockwell
2681,Gregor Jordan
2682,Jez Butterworth
2683,Lucrecia Martel
2684,Tom Brady
2685,Mark Romanek
2686,Eli Roth
2687,Denzel Washington
2688,Charles Stone III
2689,Lucky McKee
2690,Burr Steers
2691,Tim Story
2692,Anthony Abrams
2693,Jaume Balagueró
2694,Bong Joon Ho
2695,Patty Jenkins
2696,Clark Johnson
2697,Tom McCarthy
2698,Gordon Chan
2699,Glen Morgan
2700,Troy Byer
2701,Steve Trenbirth
2702,Larry Charles
2703,Edgar Wright
2704,David S. Goyer
2705,Gavin O'Connor
2706,Shainee Gabel
2707,Timur Bekmambetov
2708,Kevin Spacey
2709,Alice Wu
2710,Nick Hurran
2711,Je-kyu Kang
2712,Breck Eisner
2713,Scott Derrickson
2714,Hunter Richards
2715,Julian Jarrold
2716,Mark Levin
2717,Florian Henckel von Donnersmarck
2718,Werner Herzog
2719,Susannah Grant
2720,David Von Ancken
2721,John Curran
2722,George Hickenlooper
2723,Michel Hazanavicius
2724,Ben Affleck
2725,Stephen J. Anderson
2726,Oren Peli
2727,Craig Gillespie
2728,Scott Wiper
2729,Anton Corbijn
2730,Sebastian Gutierrez
2731,Cristian Mungiu
2732,Jonathan Kasdan
2733,Imtiaz Ali
2734,Mark Osborne
2735,Saul Dibb
2736,James Watkins
2737,Nick Moore
2738,Rodrigo García
2739,Chris Carter
2740,Eric Valette
2741,Drew Barrymore
2742,Rob Letterman
2743,Dennis Iliadis
2744,Zach Cregger
2745,Tom Hooper
2746,Steven R. Monroe
2747,Pierre Coffin
2748,David Schwimmer
2749,Vikramaditya Motwane
2750,Jennifer Yuh Nelson
2751,Jamie Linden
2752,Chris Gorak
2753,Zoya Akhtar
2754,Justin Kurzel
2755,Drake Doremus
2756,Jason Eisener
2757,Stéphane Rybojad
2758,Paddy Considine
2759,Josh Trank
2760,Ben Lewin
2761,Alex Kurtzman
2762,Jamie Travis
2763,David Soren
2764,Jon S. Baird
2765,Cody Cameron
2766,David Lowery
2767,Park Hoon-jung
2768,Damien Chazelle
2769,Chris Evans
2770,Severin Fiala
2771,Gary Shore
2772,Tom Gormican
2773,R.J. Cutler
2774,Stuart Beattie
2775,Lenny Abrahamson
2776,Elizabeth Banks
2777,Leigh Whannell
2778,Catherine Corsini
2779,Max Joseph
2780,Patricia Riggen
2781,David Farr
2782,Dan Fogelman
2783,Makoto Shinkai
2784,Barry Jenkins
2785,Michael Grandage
2786,Jonathan Jakubowicz
2787,Babak Anvari
2788,Lucia Aniello
2789,Hun Jang
2790,Richie Keen
2791,Jayson Thiessen
2792,Yong-hwa Kim
2793,Nicolai Fuglsig
2794,Becca Gleason
2795,Perry Lang
2796,Jenny Gage
2797,Matt Bettinelli-Olpin
2798,Hans Petter Moland
2799,Chris Addison
2800,Roxann Dawson
2801,Zara Hayes
2802,Van Ling
2803,Robbie Grewal
2804,Drew Cullingham
2805,Jeffrey Nicholson
2806,Hu Guan
2807,Teng Cheng
2808,Justin Kreinbrink
2809,Pereko Mosia
2810,Jonathan Liebesman
2811,Robert C. Ramirez
2812,Akiva Schaffer
2813,Bharat Nalluri
2814,Jon Hurwitz
2815,Jonathan Levine
2816,Brandon Camp
2817,Daniel Stamm
2818,George Nolfi
2819,Maggie Carey
2820,Fredrik Bond
2821,James Kent
2822,Ramin Bahrani
2823,Aleksander Bach
2824,David Gelb
2825,John Carroll Lynch
2826,Michael Engler
2827,Thurop Van Orman
2828,Punit Malhotra
2829,Jazz Boon
2830,Noo-ri Park
2831,Joel Edgerton
2832,Cedric Nicolas-Troyan
2833,Melanie Martinez
2834,Randal Kleiser
2835,Irvin Kershner
2836,Sean S. Cunningham
2837,Jamie Uys
2838,Colin Higgins
2839,William Friedkin
2840,Don Taylor
2841,Robert Greenwald
2842,Howard Zieff
2843,Richard Rush
2844,Paul Mazursky
2845,Jean-Jacques Annaud
2846,Paul Schrader
2847,Lamont Johnson
2848,Tommy Chong
2849,James L. Conway
2850,Franco Rosso
2851,Jack Smight
2852,Édouard Molinaro
2853,George Miller
2854,Warren Beatty
2855,Lucio Fulci
2856,Allan Arkush
2857,Ridley Scott
2858,Ted Kotcheff
2859,Boaz Davidson
2860,John Carpenter
2861,Hugh Hudson
2862,Michael Schultz
2863,Jean-Claude Tramont
2864,Roger Spottiswoode
2865,Alan J. Pakula
2866,Noel Nosseck
2867,E.W. Swackhamer
2868,Jules Bass
2869,Robert Towne
2870,Damiano Damiani
2871,Costa-Gavras
2872,Richard T. Heffron
2873,Robert Benton
2874,Charles Band
2875,James Beshears
2876,Joe Alves
2877,Robert Hiltzik
2878,James L. Brooks
2879,Andrei Tarkovsky
2880,J. Lee Thompson
2881,Richard Michaels
2882,Steve Barron
2883,Stan Lathan
2884,Russell Mulcahy
2885,Thomas Rickman
2886,Lawrence Dane
2887,Gérard Lauzier
2888,Tom Holland
2889,Jerry Paris
2890,Jackie Chan
2891,Roger Christian
2892,Elliott Hong
2893,Jeff Kanew
2894,Marshall Brickman
2895,Joseph Zito
2896,Jonathan R. Betuel
2897,Michael Dinner
2898,Will Vinton
2899,Robert Dornhelm
2900,Jonathan Sanger
2901,Gary Hudson
2902,Mike Marvin
2903,Lizzie Borden
2904,Stephen King
2905,Robert Harmon
2906,Masanori Hata
2907,David Byrne
2908,Jerry Kramer
2909,Emilio Estevez
2910,Daryl Duke
2911,Evelyn Purcell
2912,Kathryn Bigelow
2913,Christopher Leitch
2914,Bruce Pittman
2915,Robert Townsend
2916,Bill Froehlich
2917,Bigas Luna
2918,Dorothy Ann Puzo
2919,John Cornell
2920,David Zucker
2921,William Lustig
2922,Camilo Vila
2923,Jim Wynorski
2924,Matthew Chapman
2925,Keith Gordon
2926,Gordon Hessler
2927,Steven Soderbergh
2928,Eddie Murphy
2929,Robert Radler
2930,Francis Veber
2931,Hal Hartley
2932,Takeshi Kitano
2933,Thomas Schlamme
2934,Thierry Notz
2935,Roger Corman
2936,Fons Rademakers
2937,Deran Sarafian
2938,Aaron Norris
2939,Cameron Crowe
2940,Mick Jackson
2941,Tom Savini
2942,Luis Mandoki
2943,Ron Underwood
2944,Ken Loach
2945,Patrick Read Johnson
2946,James Bond III
2947,William A. Graham
2948,Krzysztof Kieslowski
2949,Lili Fini Zanuck
2950,Mark Herrier
2951,Gabriele Salvatores
2952,József Gémes
2953,Atom Egoyan
2954,Bill Duke
2955,Vicente Aranda
2956,Edward James Olmos
2957,Robert Rodriguez
2958,Tony Maylam
2959,Eugene Levy
2960,Randall Miller
2961,Dale Launer
2962,Stephen Milburn Anderson
2963,Brian Henson
2964,Nicole Conn
2965,Billy Crystal
2966,Nick Gomez
2967,Daniel Stern
2968,Alan Shapiro
2969,Robert Klane
2970,Leon Ichaso
2971,Marshall Herskovitz
2972,Michael Lessac
2973,Robert Young
2974,Yves Simoneau
2975,Rusty Cundieff
2976,Frank Darabont
2977,Danny Boyle
2978,Nicholas Hytner
2979,Nancy Meckler
2980,F. Gary Gray
2981,Michael Bay
2982,Todd Solondz
2983,Álex de la Iglesia
2984,Olivier Assayas
2985,John Gray
2986,Brian Robbins
2987,Jill Sprecher
2988,Don Roos
2989,Theodore Witcher
2990,Ronny Yu
2991,Mark Dindal
2992,Sam Pillsbury
2993,Stephen Kay
2994,Tom Schulman
2995,Thomas Vinterberg
2996,Gérard Pirès
2997,Kirk Jones
2998,Sean McNamara
2999,Steve Gomer
3000,Paul McGuigan
3001,Larry David
3002,Malcolm D. Lee
3003,Bruno Dumont
3004,Claude Zidi
3005,Jake Scott
3006,Steve Carr
3007,Chris Koch
3008,Kenneth Lonergan
3009,Kris Isacsson
3010,Vic Sarin
3011,Fina Torres
3012,Roy Andersson
3013,Wes Anderson
3014,Eric Schaeffer
3015,Peter Cattaneo
3016,Jamie Blanks
3017,Rob Minkoff
3018,Mike Barker
3019,Vondie Curtis-Hall
3020,Steve Beck
3021,Michael Tollin
3022,Marc Forster
3023,Brad Anderson
3024,Hironobu Sakaguchi
3025,Léa Pool
3026,Henry Bean
3027,Harald Zwart
3028,Billy Morrissette
3029,Fernando Meirelles
3030,Chris Wedge
3031,Dean DeBlois
3032,Walt Becker
3033,Kelly Asbury
3034,Ellory Elkayem
3035,Marcus Raboy
3036,Callie Khouri
3037,Joe Carnahan
3038,Mort Nathan
3039,Peter Mullan
3040,Stephen Gaghan
3041,Aleksandr Sokurov
3042,Cathy Malkasian
3043,Richard Curtis
3044,Len Wiseman
3045,Alexandre Aja
3046,Stephen Fry
3047,Paul Hunter
3048,Peter Hedges
3049,Anne Fontaine
3050,Pawel Pawlikowski
3051,Alexander Witt
3052,John Hamburg
3053,Stephen Hillenburg
3054,Don Mancini
3055,Omar Naim
3056,Pierre Morel
3057,Tod Williams
3058,Fruit Chan
3059,Yash Chopra
3060,Joshua Marston
3061,Francis Lawrence
3062,Garth Jennings
3063,Jean-François Richet
3064,David Slade
3065,Andrew Douglas
3066,Tommy Lee Jones
3067,Rebecca Miller
3068,Arie Posin
3069,Phil Morrison
3070,Carlos Reygadas
3071,John Gatins
3072,Liev Schreiber
3073,J.J. Abrams
3074,Nicholaus Goossen
3075,Liam Lynch
3076,David Bowers
3077,Tyler Perry
3078,Bob Odenkirk
3079,Aaron Seltzer
3080,Anthony Russo
3081,Nicholas Mastandrea
3082,Joby Harold
3083,Jason Friedberg
3084,J.A. Bayona
3085,Mitchell Lichtenstein
3086,Aamir Khan
3087,Steve Bendelack
3088,Vincent Paronnaud
3089,Zach Helm
3090,Stefan Ruzowitzky
3091,Sean Anders
3092,Peter Sollett
3093,Jennifer Flackett
3094,Seth Gordon
3095,Olly Blackburn
3096,Marc Schölermann
3097,Mabrouk El Mechri
3098,Agnieszka Wojtowicz-Vosloo
3099,Scott Sanders
3100,Kevin Tancharoen
3101,Jorge Blanco
3102,Mamoru Hosoda
3103,J Blakeson
3104,Neal Brennan
3105,Nathan Greno
3106,Derek Cianfrance
3107,Eli Craig
3108,Wilson Yip
3109,Casey Affleck
3110,Abe Sylvia
3111,Baran bo Odar
3112,Spencer Susser
3113,Paul Feig
3114,Rupert Wyatt
3115,J.C. Chandor
3116,Jesse Peretz
3117,Ralph Fiennes
3118,Tanya Wexler
3119,Mark Andrews
3120,Lorene Scafaria
3121,Rich Moore
3122,Dan Bradley
3123,Robert Lorenz
3124,RZA
3125,Fisher Stevens
3126,Stuart Blumberg
3127,David Chase
3128,Reema Kagti
3129,James Ward Byrkit
3130,Klay Hall
3131,Jordan Vogt-Roberts
3132,Alex Garland
3133,Paul King
3134,Xavier Dolan
3135,Julius Avery
3136,Akiva Goldsman
3137,Pascal Chaumeil
3138,Richard Laxton
3139,Sarah Gavron
3140,Justin Simien
3141,Marc Abraham
3142,Kyle Balda
3143,László Nemes
3144,Nitesh Tiwari
3145,Ana Lily Amirpour
3146,David L. Hunt
3147,Anna Biller
3148,David Leveaux
3149,Greta Gerwig
3150,Trey Edward Shults
3151,Lawrence Sher
3152,Byung-gil Jung
3153,Bradley Cooper
3154,Corin Hardy
3155,Susanna Fogel
3156,Josie Rourke
3157,Rob Greenberg
3158,Karey Kirkpatrick
3159,Matthew Heineman
3160,Yarrow Cheney
3161,Wash Westmoreland
3162,Andrew Erwin
3163,Joe Talbot
3164,Julius Onah
3165,Dylan Brown
3166,Shawn Seet
3167,John Swab
3168,J.J. Englert
3169,Alex Ranarivelo
3170,Hannah Pearl Utt
3171,T.C. Christensen
3172,Marie Kreutzer
3173,Ariel Winograd
3174,Monia Chokri
3175,Adil El Arbi
3176,James Randall
3177,Maria Ripoll
3178,Franck Khalfoun
3179,Michael McCullers
3180,Marco Schnabel
3181,Sam Taylor-Johnson
3182,Tommy Wirkola
3183,André Øvredal
3184,Olivier Nakache
3185,Brad Peyton
3186,Mike McCoy
3187,Joey Soloway
3188,Allen Hughes
3189,Jorge Dorado
3190,Christian Ditter
3191,Patrick Hughes
3192,Theodore Melfi
3193,Ben Falcone
3194,Adriana Trigiani
3195,Luke Scott
3196,Coralie Fargeat
3197,Jamie M. Dagg
3198,Eliza Hittman
3199,Sam Levinson
3200,Fred Durst
3201,Waymon Boone
3202,Indra Kumar
3203,Steven S. DeKnight
