C_ID,COMPANY
1,Paramount Pictures
2,Chartoff-Winkler Productions
3,The Malpaso Company
4,PolyGram Filmed Entertainment
5,Walt Disney Productions
6,Golden Harvest Company
7,HandMade Films
8,Morison Film Group
9,Les Films du Losange
10,Brooksfilms
11,Astral Bellevue Pathé
12,International Cinema Corporation (ICC)
13,Artista Management
14,Anabasis N.V.
15,Cambridge Productions
16,Innovisions
17,Incorporated Television Company (ITC)
18,The Romantic Venture
19,Regina Ziegler Filmproduktion
20,Amblin Entertainment
21,Lucille Ball Productions
22,Rai 2
23,Englander Productions
24,New Line Cinema
25,Hemdale
26,Films A2
27,SLM Production Group
28,Delphi III Productions
29,Greenwich Film Productions
30,Engelberg-Sumner-Cheikes
31,Black Rhino Productions
32,Cinema Vehicle Services
33,Jaffe-Lansing
34,Angeles Cinema Investors
35,Producers Sales Organization (PSO)
36,Night Life Inc.
37,Bountiful Film Partners
38,Interscope Communications
39,Crystalite Productions
40,Lantana Productions
41,Blackhawk Productions
42,Cannon Pictures
43,CFS Avala Film
44,The Mount Company (II)
45,The Saul Zaentz Company
46,Svenska Filminstitutet (SFI)
47,Delphi V Productions
48,Ministère de la Culture et de la Communication
49,Corporation Image M & M
50,Applied Action
51,Vista Organization
52,Pelemele Film
53,Excelsior Film-TV
54,Magnus Films
55,American Entertainment Partners II L.P.
56,Tokuma Japan Communications
57,Front Films
58,Spacegate Productions
59,Ixtlan
60,Ferndale Films
61,The Zanuck Company
62,Carolco Entertainment
63,Renaissance Films
64,JVC Entertainment Networks
65,First Millenium Partnership
66,Aaron Russo Entertainment
67,Levins-Henenlotter
68,Disney Television Animation
69,Fourth Protocol
70,All Girl Productions
71,United British Artists (UBA)
72,TMS Entertainment
73,Icon Productions
74,Chestnut Hill Productions
75,Belbo Films
76,Cinephile
77,Bill Graham Films
78,Stone Group Pictures
79,Sidéral Productions
80,Davis-Panzer Productions
81,Cheap Date
82,Black River Productions
83,Bronze Eye Productions
84,Island World
85,Robert Simonds Productions
86,Image Organization
87,Largo International N.V.
88,Gallery Films
89,Dino de Laurentiis Communications
90,Cinemabrain
91,Zeta Entertainment
92,Majestic Films International
93,Mirage Entertainment
94,Hell's Kitchen Films
95,Polygram Filmed Entertainment
96,Icon Entertainment International
97,Alpilles Productions
98,Film Workshop
99,The Mark Gordon Company
100,View Askew Productions
101,British Screen Finance Ltd.
102,Ultra Muchos Productions
103,Buckeye Films
104,Lightning Ridge
105,Halloween VI Productions
106,Sandollar Productions
107,Lancaster Gate
108,Green Parrot
109,Mundy Lane Entertainment
110,Independent Pictures (II)
111,Mindy Affrime
112,Atman Entertainment
113,Appledown Films Inc.
114,October Films
115,Melampo Cinematografica
116,Cinema Line Film Corporation
117,Dreamworks Pictures
118,Q Productions
119,Daiei Studios
120,Def Pictures
121,Clinica Estetico
122,Daybreak
123,Lakeshore Entertainment
124,Tomboy Films
125,Award Entertainment
126,391 Productions
127,Harpo Films
128,Artisan Entertainment
129,Arts Council of England
130,Village Roadshow Pictures
131,Tribeca Productions
132,Studio Hamburg Filmproduktion
133,Flying Heart Films
134,Santa Monica Holdings
135,Saturn Films
136,Gullane Pictures
137,Punch 21 Productions
138,Cloud Ten Pictures
139,Portman Entertainment Group
140,Myung Film Company Ltd.
141,Green/Renzi
142,Film Kraft
143,Capcom Entertainment
144,Alliance Atlantis Communications
145,Lions Gate Films
146,ShadowCatcher Entertainment
147,Blue Streak Films
148,Haxan Films
149,Dogstar Films
150,Hart Sharp Entertainment
151,Monogatari
152,DiNovi Pictures
153,USA Films
154,Lee Daniels Entertainment
155,Téléma
156,Konrad Pictures
157,MBP (Germany)
158,Abandon Pictures
159,Beverly Detroit
160,Fuzzy Bunny Films (I)
161,Muse Productions
162,Cheyenne Enterprises
163,Bac Films
164,The State Hermitage Museum
165,Bórd Scannán na hÉireann
166,Det Danske Filminstitut
167,Wiseau-Films
168,Cobalt Media Group
169,Café Film
170,BenderSpink
171,Red Carpet Productions
172,Pop Pop Productions
173,Beijing New Picture Film
174,Ashutosh Gowariker Productions
175,Vega Film
176,Dash Films
177,Movision
178,Shangri-La Entertainment
179,Celador Films
180,Rent Productions LLC
181,Allan Zeman Productions
182,Left Turn Films
183,Sixteen Films
184,TS Productions
185,Film Science
186,Forensic Films
187,Night and Day Pictures
188,HanWay Films
189,Pathé
190,Stage 6 Films
191,Rifkin-Eberts
192,Comme des Cinémas
193,Filmax International
194,Big City Pictures
195,G-BASE
196,Wayfare Entertainment
197,Rogue
198,26 Films
199,De Line Pictures
200,Haut et Court
201,Universal Pictures International (UPI)
202,Protagonist Pictures
203,Bad Robot
204,Ruby Films
205,Sidus FNH-Benex Cinema Fund 1
206,Herrick Entertainment
207,Company Films
208,Quad Productions
209,Asghar Farhadi Productions
210,SBS Productions
211,Paper Street Films
212,Goldcrest Pictures
213,Indigo Film
214,Big Beach Films
215,NVSH Productions
216,Atlas Productions
217,Double Feature Films
218,Zentropa International Norway
219,Truth Entertainment (II)
220,Film 44
221,United Channel Movies
222,Animal Kingdom
223,Two Ton Films
224,Dune Entertainment
225,Canyon Creek Films
226,Fewlas Entertainment
227,Focus World
228,ASIG Productions
229,Backup Media
230,Non-Stop Productions
231,Gloria Sanchez Productions
232,Silver Reel
233,Soapbox Films
234,FaithStep Films
235,Sparkle Roll Media
236,Electric City Entertainment
237,Amuse
238,Blue Sky Films
239,Bank Street Films
240,Mantarraya Producciones
241,Komplizen Film
242,Braveart Films
243,Braven Films
244,Primate Pictures
245,Snowfort Pictures
246,M.E.S. Productions
247,Perfect World Pictures
248,BreakThru Productions
249,Datari Turner Productions
250,Warner Bros. Pictures
251,Trademark Films
252,Huayi Brothers
253,Huayi Brothers Pictures
254,Catalyst Global Media
255,Pergamon Film
256,Toei Company
257,Paramount Players
258,Blue Budgie Films Limited
259,Daniel Grodnik Productions
260,Beijing Dengfeng International Culture Communications Company
261,Yale Productions
262,Symbolic Exchange
263,BroadwayHD
264,Remember Films
265,Babieka
266,Canyon Media
267,Metafilms
268,Clubhouse Pictures (II)
269,An Impulsive Production
270,Pryor Entertainment
271,Notis Studio
272,Abominable Pictures
273,Sony Pictures Classics
274,Twentieth Century Fox Animation
275,The Family Stone
276,Junebug Movie
277,Warp X
278,Mod Producciones
279,Egoli Tossell Pictures
280,Atlantic Pictures (II)
281,Rakeysh Omprakash Mehra Pictures
282,Bob Industries
283,1984 Private Defense Contractors
284,Beijing Skywheel Entertainment Co.
285,Duplass Brothers Productions
286,Fortis Films
287,Fluidity Films
288,Boies / Schiller Film Group
289,TSG Entertainment
290,UV Creations
301,Columbia Pictures
302,ITC Films
303,EMI Films
304,Melvin Simon Productions
305,Jack Rollins & Charles H. Joffe Productions
306,Aspen Productions (I)
307,Gurian Entertainment
308,International Cinema
309,East Asia Film Company
310,Fulvia Film
311,C & C Brown Production
312,Balkan Productions
313,International Film Investors
314,Goldcrest Films International
315,Rankin/Bass Productions
316,Henson Associates (HA)
317,Deliverance Productions
318,DeHaven/Shapiro Productions
319,CBS Theatrical Films
320,PolyGram Pictures
321,Leisure Investment Company
322,Jensen Farley Pictures
323,Cypress Grove
324,Blueline Productions
325,Atlantic Entertainment Group
326,Tiberius Film Productions
327,Walt Disney Pictures
328,Channel Four Films
329,Constantin Film
330,Spinal Tap Prod.
331,Films de L'Alma
332,Racing Pictures
333,Conacite Uno
334,HBO Pictures
335,Legend Production Company
336,Mirage Enterprises
337,Desert Hearts Productions
338,Edgar J. Scherick Associates
339,Gaumont International
340,Calendar Productions
341,Toho Company
342,Bud Yorkin Productions
343,PfH Ltd.
344,Lynn-Davis Productions
345,The Rejoycing Company
346,Maljack Productions
347,Fuji Television Network
348,Escalante Productions
349,Blake Edwards
350,Ciné Valse
351,Caméras Continentales
352,Cinetel Films
353,Circle Films
354,Emshell Producers
355,Heron Communications
356,Per Holst Filmproduktion
357,H.I.T. Films
358,Northern
359,In-Cine Compañía Industrial Cinematográfica
360,Aljosha
361,Kindred Limited Partnership
362,Sarlui / Diamant
363,Mac and Me Joint Venture
364,Shapiro-Glickenhaus Entertainment
365,National Broadcasting Company (NBC)
366,Jascat
367,Cinema Group
368,Burrowes Film Group
369,Cinecom Pictures
370,Crescent Moon
371,White Eagle
372,Magnum Pictures Inc.
373,Allied Vision
374,Braunstein and Hamady Productions
375,Initial Film and Television
376,Edward R. Pressman Productions
377,Bayerischer Rundfunk (BR)
378,Silverman Entertainment
379,Kanun parvaresh fekri
380,Devoted Productions
381,Ironbark Films
382,Paragon Arts International
383,F/M
384,TAFT Entertainment Pictures
385,Palla
386,Silver Pictures
387,Epic Productions
388,888 Productions
389,Nicolas Entertainment
390,KB Erik the Viking
391,Paisley Park Films
392,Anhelo Producciones
393,Nelson Entertainment
394,Pierre Grise Productions
395,Geffen Pictures
396,Fogwood Films
397,Alicéléo
398,BBC Films
399,Carnival Film & Television
400,House & Moorhouse Films
401,C.L.G. Films
402,Esperanza Films Inc.
403,Touchwood Pacific Partners 1
404,Parkes/Lasker productions
405,Enchantment Films Inc.
406,Wong Jing's Workshop Ltd.
407,Desperate Pictures
408,Memfis Film
409,In The Bag Productions
410,TriStar Television
411,Davis-Films
412,Tomson Films
413,Capella Films
414,New Horizons Picture
415,Krasnow Productions
416,Don Bluth
417,Entertainment Film Distributors
418,Mulholland Productions
419,Percy Main
420,Kôdansha
421,Havoc
422,Beckner/Gorman Productions
423,FIT Productions
424,Playhouse International Pictures
425,NDF International
426,Universal City Studios
427,Pope Productions
428,Rex Entertainment
429,Blue Tulip Productions
430,Kuzui Enterprises
431,De Fina-Cappa
432,David Kirschner Productions
433,Samson Productions Pty. Ltd.
434,British Broadcasting Corporation (BBC) Television
435,NEO Motion Pictures
436,MTV Films
437,3B Productions
438,Jim Henson Pictures
439,Baumgarten-Prophet Entertainment
440,Goldwyn Films
441,Medusa Film
442,Play It Inc.
443,Cinerenta Medienbeteiligungs KG
444,Cruella Productions
445,Open City Films
446,Brant-Allen
447,Banner Entertainment
448,Rosa Filmes
449,Picture Securities
450,MGM Family Entertainment
451,Brandywine Productions
452,Bandeira Entertainment
453,Moonstone Entertainment
454,Pandora Cinema
455,Apostle
456,Alicia Produce
457,LivePlanet
458,Omega Project
459,Manhattan Pictures International
460,3Mark Entertainment
461,Ecosse Films
462,Kingsgate Films
463,Rumbalara Films
464,ApolloMedia Distribution
465,HBO Films
466,Spectacle Entertainment Group
467,Angry Films
468,This Is That Productions
469,Boll Kino Beteiligungs GmbH & Co. KG
470,Ren Film
471,B.O.M. Film Productions Co.
472,World of Wonder Productions
473,Funny Boy Films
474,Go Films
475,Pyramide Productions
476,Filmax Group
477,Warp Films
478,Applause Pictures
479,The Weinstein Company
480,UK Film Council
481,Olga Film
482,Deep River Productions
483,Huit et Demi Productions
484,Baker Street
485,Cent Productions Inc.
486,OLC / Rights Entertainment
487,Stratus Film Co.
488,Serendipity Point Films
489,Industry Entertainment
490,Belladonna Productions
491,Crescent Drive Pictures
492,DreamWorks
493,Red Hour Films
494,World Wrestling Entertainment (WWE)
495,ROMP
496,Millennium Films
497,Big Easy Pictures
498,Kudos Film and Television
499,Samuels Media
500,Young Hannibal Productions
501,Ascendant Pictures
502,2929 Productions
503,Intermedia
504,Voltage Pictures
505,Abandon Entertainment
506,Berk/Lane Entertainment
507,Temple Hill Entertainment
508,Dreamlab
509,Film i Väst
510,Autonomous Films
511,Alameda Films
512,Closest to the Hole Productions
513,Whenua Films
514,Exclusive Films
515,Hero Entertainment
516,Baby Cow Productions
517,Aramid Entertainment Fund
518,Blue Haze Entertainment
519,Ada Films
520,Easy Company
521,Roth Films
522,Plan B Entertainment
523,Iron Horse Entertainment (II)
524,Demarest Films
525,Automatik Entertainment
526,Emmett/Furla/Oasis Films (EFO Films)
527,UTV Motion Pictures
528,Steel Mill Pictures
529,AdScott Pictures
530,Follow Through Productions
531,Alliance Films
532,Forest Whitaker's Significant Productions
533,The Collective Studios
534,Opus Film
535,Jolie Pas
536,Chernin Entertainment
537,SpectreVision
538,Ulrich Seidl Film Produktion GmbH
539,Cross Creek Pictures
540,Sovereign Films (II)
541,Element Pictures
542,BlackWhite
543,Participant
544,Blinding Edge Pictures
545,Black Label Media
546,Bleecker Street Films
547,Arka Mediaworks
548,Fantefilm
549,Caviar
550,Chaz Productions
551,Origin Pictures
552,Mayhem Pictures
553,BFI Film Fund
554,SharpSword Films
555,Flashlight Films
556,Bunya Productions
557,Bona Film Group
558,Cine365 Films
559,Summit Premiere
560,Agile Films
561,Acacia Filmed Entertainment
562,1978 Films
563,thefyzz
564,Superlative Films
565,Destro Films
566,Macari/Edelstein
567,Cold Iron Pictures
568,Strongman
569,Huayi Brothers Media
570,Hasbro
571,Media Rights Capital (MRC)
572,AOI Promotion
573,Romulus Entertainment
574,Studio 8
575,Alibaba Pictures
576,Meta Film Stockholm
577,BET Films
578,Lilies Films
579,Canana Films
580,Coco Cartoon
581,About Film
582,The National Hellenic Society
583,Maddock Films
584,Moonlight Film
585,Novotny & Novotny Filmproduktion GmbH
586,Cactus Blue Entertainment
587,Beijing Enlight Pictures
588,Myriad Pictures
589,WIP
590,Film4
591,Fade to Black Productions
592,Bill Kenwright Films
593,Softbank Ventures
594,SBS Films
595,Blueprint Pictures
596,Pine District Pictures
597,Alfama Films
598,Gary Sanchez Productions
599,Sailor Bear
600,Escape Artists
601,Freedom Media
602,Wytwórnia Filmów Dokumentalnych i Fabularnych (WFDiF)
603,Bow and Arrow Entertainment
604,Dexter Studios
605,ABC Animation
606,Alacran Pictures
607,Forager Films
608,SF Studios Production AB
609,Unplanned Movie
610,Orion Pictures
611,Filmways Pictures
612,Partisan Productions
613,Sunn Classic Pictures
614,Mosfilm
615,Lorimar Productions
616,Cattle Annie Productions
617,The Jerry Gross Organization
618,Tri Star Productions
619,Herb Jaffe
620,Estudios Churubusco Azteca S.A.
621,CIP Filmproduktion GmbH
622,Cinema Group Ventures
623,Merchant Ivory Productions
624,Greentree
625,Renaissance Pictures
626,Barclays Mercantile Industrial Finance
627,Barry & Enright Productions
628,The Geffen Company
629,Sandcastle 5 Productions
630,Gold Pine Productions
631,Bob-Bea Productions
632,Warner Bros. Animation
633,Hanna-Barbera Productions
634,TaliaFilm II Productions
635,Marimark Productions
636,Cabal Film
637,Cannon Films Inc.
638,Osterman Weekend Associates
639,Albert Band International Productions Inc.
640,CTV
641,AMLF
642,Road Movies Filmproduktion
643,Virgin
644,Kingsmere Properties
645,Hal Roach Studios
646,Empire Pictures
647,Capricorn
648,Lake (Comfort and Joy)
649,Far West
650,Hungarofilm
651,Riverside Pictures
652,Cinema VII
653,Frank Yablans Presentations
654,Antron Media Production
655,Avenging Venture
656,Sascha-Verleih
657,Manfred Durniok Filmproduktion
658,La Cecilia
659,Rimfire Films
660,New Century Entertainment Corporation
661,Jay Weston Productions
662,L.A. Films
663,Police Academy Productions
664,40 Acres & A Mule Filmworks
665,Island Pictures
666,Les Films Plain Chant
667,Compañía Iberoamericana de TV
668,Carthago Films S.a.r.l.
669,Gary Kurfirst Pictures
670,American Filmworks
671,TMS Pictures
672,Little Bear
673,J&M Entertainment
674,Grace
675,Carson Productions
676,Lightyear Entertainment
677,Panorama Film A/S
678,Canon Italia S.r.l.
679,Lorimar Motion Pictures
680,Mrs. White's Productions
681,Vestron Pictures
682,Commies From Mars Corporation
683,Trancas International Films
684,Cannon Entertainment
685,CB Films
686,Caroline Productions
687,No Frills Film Production
688,Danjaq
689,London Weekend Television (LWT)
690,Bandai Media Department
691,Arenafilm
692,Koch Company
693,Budapest Stúdió Vállalat
694,Cine Location Services
695,Breton Film Productions
696,Pathé Entertainment
697,Brandenberg
698,Westerly Films
699,China Film Co-Production Corporation
700,Hughes Entertainment
701,Cinecom Entertainment Group
702,The Movie Group
703,Lightning Pictures
704,Corsair Pictures
705,Paulist Pictures
706,British Broadcasting Corporation (BBC)
707,Unity Pictures
708,Duffy Films
709,Concorde-New Horizons
710,Atlas
711,Filmverlag der Autoren
712,Strong Heart/Demme Production
713,Constellation
714,Krisjair
715,Arnold Kopelson Productions
716,Baltimore Pictures
717,Marble Hall
718,Film Par Film
719,Parallax Pictures
720,Candyman Films
721,Ladybugs
722,Film Victoria
723,Paradis Films
724,Penta Pictures
725,Gruskoff/Levy Company
726,Penta Films
727,Propaganda Films
728,Richard Williams Productions
729,Ang Lee Productions
730,Kino Korsakoff
731,Channel 4 Television Corporation
732,Lumière Pictures
733,Stéphan Films
734,Monarchy Enterprises B.V.
735,Le Studio Canal+
736,Lightstorm Entertainment
737,Canal+ España
738,Distant Horizon
739,Addis Wechsler Pictures
740,1492 Pictures
741,Joe Wizan/Todd Black
742,Juno Pix
743,Fox Searchlight Pictures
744,Mandeville Films
745,Too Askew Prod. Inc.
746,New Amsterdam Entertainment
747,JLT Productions
748,Ivory Way Productions
749,BMG Independents
750,Dollface
751,Cinépix Film Properties (CFP)
752,Dharma Productions
753,"Audiovisual Development Bureau, Ministerio da Cultura"
754,Picture Palace North
755,Ghoulardi Film Company
756,Irish Screen
757,British Columbia Film
758,Ambridge Film Partnership
759,Toho Pictures
760,Craven-Maddalena Films
761,Bigel / Mailer Films
762,Newmarket Capital Group
763,Copperheart Entertainment
764,Code Entertainment
765,Hammerhead Productions
766,13 Productions
767,Filmtown Entertainment
768,Cineville
769,Image Comics
770,3 Arts Entertainment
771,MDP Worldwide
772,Underdog Productions
773,Sciarlò
774,Lakeshore International
775,Aardman Animations
776,Lewitt / Eberts Productions
777,Prufrock Pictures
778,Fireworks Pictures
779,Fuller Films
780,"BKM, kulturelle Filmförderung des Bundes"
781,Blow Up Pictures
782,DNA Films
783,O2 Filmes
784,FTM Productions
785,First Light Production
786,Focus Puller Inc.
787,Intrinsic Value Films
788,Emperor Multimedia Group (EMG)
789,Mandalay Pictures
790,Above All Things Inc.
791,Whitewater Films
792,Bazelevs Production
793,Claussen & Wöbke Filmproduktion GmbH
794,State Street Pictures
795,Tag Entertainment
796,Paramount Classics
797,Applause Bhansali Productions
798,Kaltenbach Pictures
799,Googly Films
800,Hunting Lane Films
801,Karbo Vantas Entertainment
802,MEDIA Programme of the European Union
803,Groundswell Productions
804,GreeneStreet Films
805,Deerjen Films
806,Peace Arch Entertainment Group
807,Armian Pictures
808,Amuse Soft
809,Occupant Entertainment
810,Tornasol Films
811,House Row Productions
812,GK Films
813,Curmudgeon Films
814,Jon Shestack Productions
815,Two Prong Lesson
816,Cinema Service
817,Gato Negro Films
818,Olympus Pictures
819,UTV Spotboy
820,The Last Picture Company
821,Camberwell / Fly Films
822,Motlys
823,Elle Driver
824,DJ Films
825,Hermetof Pictures
826,Brownstone Productions (II)
827,Mediaset España
828,Abraham Productions
829,Milk & Media
830,Enderby Entertainment
831,M3 Alliance
832,Also Known As Pictures
833,Class 5 Films
834,Mott Street Pictures
835,Eclectic Pictures
836,Upside Down Films
837,Blue Yonder Films
838,Riddick Canada Productions
839,Andrew Lauren Productions
840,Aldamisa Entertainment
841,Northern Lights Films
842,Legendary Entertainment
843,G4 Productions
844,Broken Road Productions
845,New Artists Alliance
846,Treehouse Pictures
847,WhiteFlame Productions
848,Double Dare You (DDY)
849,Visiona Romantica
850,Allison Shearmur Productions
851,Illumination Entertainment
852,Dogwood Films
853,Bloom
854,Allspark Pictures
855,BZ Entertainment
856,Legendary East
857,STX Entertainment
858,Square Visual Works Co. Ltd.
859,Elara Pictures
860,Cre Film
861,Infinity Films
862,Indiana Production
863,Green Fish Pictures
864,Hunter Killer Productions
865,FilmNation Entertainment
866,Nordisk Film / SPRING
867,Conglomerate Media
868,Item 7
869,Chris Morgan Productions
870,Entertainment Studios Motion Pictures
871,Solution Entertainment Group
872,Fox STAR Studios
873,Ellinas Multimedia
874,ESX Entertainment
875,Julian Marsh Pictures
876,Haishang Films
877,GP Pictures
878,Magnolia Pictures
879,First Sun
880,GMT Productions
1301,Translux
1302,Paramount Animation
1303,Onyx Films
1304,Fairview Entertainment
1305,Apeitda
1306,Aviron Pictures
1307,Brightlight Pictures
1308,Emphatic Films
1309,Poetic License Production
1310,Hartbeat Productions
1311,Universal Pictures
1312,Rastar Films
1313,Diversity Music
1314,Mike Lobell Productions
1315,Cinema '84
1316,Saga Productions Inc.
1317,Allen Smithee Classic Films
1318,Lorimar Film Entertainment
1319,The South Australian Film Corporation
1320,The Ladd Company
1321,Charles H. Schneer Productions
1322,Zoetrope Studios
1323,Byzantine Productions
1324,Efer Productions
1325,Permut Presentations
1326,Blustarr
1327,Harold Robbins International Company
1328,Delphi Films
1329,Double Play
1330,Winwood Productions
1331,Gaylord Productions
1332,Pirromount Pictures
1333,Artistry Limited
1334,The Cannon Group
1335,A&M Films
1336,Spectrum Cinema Productions
1337,Filmtrex
1338,American Playhouse
1339,Lantana
1340,Century Video Corporation
1341,Silver Screen Partners II
1342,DIC Entertainment
1343,Entertainment Events
1344,Filmauro
1345,Centre national du cinéma et de l'image animée (CNC)
1346,Alternate Current
1347,Initial Pictures
1348,Freddie Fields Productions
1349,DD Productions
1350,Scary Stuff
1351,Canadian Broadcasting Corporation (CBC)
1352,Griffon Productions
1353,Miramax
1354,Cinequanon
1355,Alive Films
1356,Columbia Pictures Industries
1357,7 Films Cinéma
1358,Callender Company
1359,NBC Productions
1360,Vision PDG
1361,In-Gear Film Production
1362,Zacharias-Buhai Productions
1363,Miracle Pictures
1364,Producers Representative Organization
1365,Norman Twain Productions
1366,Alleged Productions
1367,FM Entertainment
1368,High Bar Productions
1369,AM/PM Entertainment
1370,Cinéa
1371,American Playhouse Theatrical Films
1372,Double Helix Films
1373,Bioskop Film
1374,Silver Screen Partners IV
1375,Victor & Grais
1376,Fugitive TV Productions
1377,Erre Produzioni
1378,Action Communications
1379,Sands
1380,Zanuck/Brown Productions
1381,Cecchi Gori Group Tiger Cinematografica
1382,Silver Screen Partners III
1383,Davis Entertainment
1384,Kouf/Bigelow Productions
1385,Laurence Mark Productions
1386,Tristes Tropiques
1387,Lambart Productions
1388,France 3 Cinéma
1389,Little Tokyo Productions
1390,Argos Films
1391,Movie Partners
1392,IRS Media
1393,Arena
1394,Esperanto Filmoj
1395,Grand Highway Productions
1396,Kasdan Pictures
1397,Les Artistes Anonymes
1398,Fifth Avenue Entertainment
1399,DENTSU Music And Entertainment
1400,Sigma Film Productions
1401,Why Not Productions
1402,Green Umbrella Ltd.
1403,August Entertainment
1404,Parkway Productions
1405,Sheen Productions
1406,Some Film
1407,Jersey Films
1408,Admire Productions Ltd.
1409,Channel Films
1410,Ben-Ami/Leeds Productions
1411,Constellation Entertainment
1412,Dualstar Productions
1413,Suburban Pictures
1414,Sweetland Films
1415,Tapestry Films
1416,Available Light Productions
1417,Fast Films
1418,Republic Pictures (II)
1419,Rysher Entertainment
1420,Oxford Film Company
1421,Cantaloupe Production
1422,Lee Rich Productions
1423,Bazmark Films
1424,Tim Burton Productions
1425,Digital Image Associates
1426,Fox 2000 Pictures
1427,ARTE
1428,The Kushner-Locke Company
1429,ABC Productions
1430,Eleventh Street Production
1431,PVM Entertainment
1432,Good Dog Productions LLC
1433,Guild
1434,Working Dog
1435,Norsk Film
1436,Butcher's Run Films
1437,Summit Entertainment
1438,Amen Ra Films
1439,American Empirical Pictures
1440,DreamWorks Animation
1441,Shooting Gallery
1442,Knock Films A.V.V.
1443,Allegro Films
1444,Cheerleader LLC
1445,Asymmetrical Productions
1446,Baldwin/Cohen Productions
1447,FilmFour
1448,7 Arts International
1449,Am Psycho Productions
1450,Jerry Bruckheimer Films
1451,Altavista Films
1452,MFF Feature Film Productions
1453,Chester Films Inc.
1454,Artic Productions LLC
1455,Légende Films
1456,Behaviour Worldwide
1457,NPV Entertainment
1458,Bad Lt. Productions
1459,CiBy 2000
1460,Caledonia Pictures
1461,Capitol Films
1462,21st Century Films
1463,Sunshine
1464,Clavius Base
1465,Balboa Entertainment
1466,Samuelson Productions
1467,Les Films Alain Sarde
1468,Canal+ Droits Audiovisuels
1469,David Brown Productions
1470,Alcon Entertainment
1471,Haft Entertainment
1472,Madhouse
1473,Fiction
1474,JD Productions
1475,Tartan Films
1476,Eureka Pictures
1477,Bungalow Productions
1478,Star Overseas
1479,Cité-Amérique
1480,Excel Entertainment
1481,Noé Productions
1482,Chickie the Cop
1483,Alter Ego Entertainment
1484,Kintop Pictures
1485,Handprint Entertainment
1486,Blue Train Productions
1487,Castelao Producciones
1488,CineWild
1489,C-2 Pictures
1490,Casual Friday Productions
1491,"""DIA"" Productions GmbH & Co. KG"
1492,Mepris Films
1493,19 Entertainment
1494,Rakueisha
1495,Buena Vista Home Entertainment
1496,Warner Independent Pictures (WIP)
1497,Grand Slam Productions
1498,Nine Yards Two Productions
1499,Mid Day Multimedia Limited
1500,True West Films
1501,Sonet Film AB
1502,Big Red Dog Productions
1503,Eden Rock Media
1504,Coach Carter
1505,Andrea Sperling Productions
1506,BET Pictures
1507,Di Bonaventura Pictures
1508,Fairway Films
1509,Milkshake Films
1510,Big Screen Entertainment Group
1511,Everyman Pictures
1512,No Matter Pictures
1513,Glen Echo Entertainment
1514,Walden Media
1515,Zazen Produções
1516,P2 Productions
1517,Mandate Pictures
1518,Mobra Films
1519,Captivity Productions
1520,Indian Paintbrush
1521,ATO Pictures
1522,Shree Ashtavinayak Cine Vision
1523,Blue Askew
1524,Pelican Productions LLC (I)
1525,Ealing Studios
1526,Pan Européenne
1527,Ternion Pictures
1528,Lleju Productions
1529,Blank of the Dead Productions
1530,MPI Media Group
1531,Euforia Film
1532,Oscilloscope
1533,CinemaNX
1534,Antena 3 Films
1535,CBS Films
1536,Sedic International
1537,They Are Going to Kill Us Productions
1538,10 West Studios
1539,Glass Eye Pix
1540,Hugo Productions
1541,Stacey Testro International
1542,Hydraulx
1543,Skyscraper Films
1544,EM Media
1545,NBC Film
1546,Overbrook Entertainment
1547,La Petite Reine
1548,Bad Cop Bad Cop Film Productions
1549,Block / Hanson
1550,Menuet Producties
1551,Maybach Film Productions
1552,Intrepid Pictures
1553,BCDF Pictures
1554,Magnet Releasing
1555,Cocktail Film
1556,Quat'sous Films
1557,Paco Cinematografica
1558,Roadside Attractions
1559,Fickle Fish Films
1560,Cargo Entertainment
1561,Prospero Pictures
1562,Codeblack Entertainment
1563,Baby Way Productions
1564,Sierra / Affinity
1565,Pure Flix Productions
1566,Wildgaze Films
1567,IAC Films
1568,Little Stranger
1569,Sony Pictures Entertainment (SPE)
1570,Raindog Films
1571,Nordisk Film
1572,Archimede
1573,Modern Man Films
1574,Sixty-Six Pictures
1575,Petit Film
1576,K5 International
1577,Anna Biller Productions
1578,NH Studioz
1579,Brownstone Entertainment (II)
1580,Czech Anglo Productions
1581,Artbees
1582,Houston King Productions
1583,The Lamp
1584,Cross City Sales
1585,Epic Level Entertainment
1586,Rectangle Productions
1587,Access Entertainment
1588,Goalpost Pictures
1589,Matchbox Pictures
1590,Cannon and Morley Productions
1591,Lyla Films
1592,Bones
1593,Ace Maker Movie Works
1594,Ambience Entertainment
1595,Cat In The Mill Studio
1596,Growing Tree Productions
1597,Cohen Media Group
1598,Abbolita Productions
1599,Gail Katz Productions
1600,Armory Films
1601,Gamechanger Films
1602,Ball & Chain Productions
1603,Protostar Pictures
1604,Warner Bros.
1605,Twentieth Century Fox
1606,Camp Hill
1607,Les Films Paul Grimault
1608,Gaumont
1609,Baughn/Freed Productions
1610,Bakshi Productions
1611,C.A.T. Films
1612,Rastar Pictures
1613,Falcon International Productions
1614,Major Studio Partners
1615,Enigma Productions
1616,Juniper Films
1617,Viacom Enterprises
1618,Adams Apple Film Company
1619,United Film Distribution Company (UFDC)
1620,Eon Productions
1621,R&R Films
1622,Eaves Movie Ranch
1623,Cinematograph AB
1624,ABC Motion Pictures
1625,Katzka
1626,Richmond Light Horse Productions
1627,American Eagle Films
1628,Polyc International BV
1629,Easy Money Associates
1630,Cannon Films
1631,Diamant Film
1632,World Film Services
1633,D & P Productions
1634,K.G. Productions
1635,Jennie and Company
1636,The Samuel Goldwyn Company
1637,River Road Productions
1638,TriStar Pictures
1639,Colgems Productions Ltd.
1640,UAA Films
1641,Fox Run Productions Inc.
1642,Don Simpson/Jerry Bruckheimer Films
1643,Anarchist's Convention Films
1644,Filmtre
1645,ACCENT Films
1646,Golden Way Films Ltd.
1647,Itami Productions
1648,WW Production
1649,Edie & Ely Landau Inc.
1650,Fifteen
1651,Ladbroke
1652,Zupnik-Curtis Enterprises
1653,Young Sung Production Co.
1654,Guber-Peters Company
1655,Hachette Première
1656,Alliance Communications Corporation
1657,Mirage Films
1658,Les Films de la Tour
1659,Sunbow Productions
1660,Produzioni Europee Associate (PEA)
1661,Rondo Productions
1662,Aaron Spelling Productions
1663,Portreeve
1664,Great American Films Limited Partnership
1665,Cineplex Odeon Films
1666,Nouvelles Éditions de Films (NEF)
1667,British Screen Productions
1668,British Columbia Television
1669,Imagine Films Entertainment
1670,Independent Film Centre
1671,Luna Films
1672,Portman Productions
1673,Imagine Entertainment
1674,Avenue Pictures
1675,Panorama
1676,Outlaw Productions (I)
1677,Castle Rock Entertainment
1678,Crescent Film Enterprises
1679,Max Films Productions
1680,North Street Films
1681,Gibraltar Entertainment
1682,Charlie Mopic
1683,Hollywood Pictures
1684,Detour Filmproduction
1685,88 Productions
1686,Continental Motion Pictures
1687,Aurora Productions LLC
1688,Alexandre Films
1689,Cannon International
1690,Gordon Company
1691,Imperial Entertainment Corporation
1692,Bonded Filmworks
1693,Bandai Visual Company
1694,Haruki Kadokawa Films
1695,ERA International
1696,Canal+
1697,Siriol Productions
1698,Live Entertainment
1699,FAI Films
1700,Challenge Film Corporation
1701,Penta Entertainment
1702,Meir Teper
1703,Bellboy Films Limited
1704,Warner Bros. Family Entertainment
1705,John Davis
1706,Trimark Pictures
1707,Artimm
1708,Rastar Productions
1709,Blurco
1710,Crowvision Inc.
1711,Jet Tone Production
1712,Caravan Pictures
1713,Seagal/Nasso Productions
1714,Fallingcloud
1715,Planet Productions
1716,Ardican Films
1717,Barcelona Films
1718,Dog Eat Dog Films
1719,Triumph Films
1720,Mayfair Entertainment International
1721,Brothers McMullen Productions
1722,Atlas Entertainment
1723,ARD Degeto Film
1724,Dinamo Entertainment
1725,Cineritino S.r.L.
1726,Peters Entertainment
1727,O Entertainment
1728,GH Pictures
1729,Sheinberg Productions
1730,Larger Than Life Productions
1731,Pixar Animation Studios
1732,Centropolis Film Productions
1733,Astralwerks
1734,Happy Madison Productions
1735,Crossroads Films
1736,Azoff Entertainment
1737,Crystal Sky Worldwide
1738,Varahonar Company
1739,Artémis Productions
1740,Clipsal Films
1741,Asia Union Film & Entertainment Ltd.
1742,Branti Film Productions
1743,Fidélité Productions
1744,Greenleaf Productions
1745,First Look International
1746,1992 Number Four Limited Partnership
1747,NFH Productions
1748,Calimari Productions
1749,India Take One Productions
1750,Cradle Productions Inc.
1751,Hollywood Licensing Group
1752,IMF Internationale Medien und Film GmbH & Co. 2. Produktions KG
1753,IMF Internationale Medien und Film GmbH & Co. Produktions KG
1754,IFC Productions
1755,Gold Circle Films
1756,Red Chillies Entertainment
1757,Media Asia Films
1758,Flan de Coco Films
1759,Revolution Films
1760,Pioneer LDC
1761,Korea Pictures
1762,900 Films
1763,ContentFilm
1764,Moviola Film och Television AB
1765,Nord-Ouest Films
1766,Buena Vista International
1767,BR Petrobrás
1768,Bob Yari Productions
1769,Columbia Pictures Film Production Asia
1770,Antidote Films (I)
1771,2003 Productions
1772,Broken Lizard Industries
1773,Kim Ki-Duk Film
1774,Remstar Productions
1775,Extra Large Pictures
1776,John Wells Productions
1777,Room 9 Entertainment
1778,El Camino Pictures
1779,Bulbul Films
1780,Estudios Picasso
1781,Sidney Kimmel Entertainment
1782,Out of the Blue... Entertainment
1783,Electric Entertainment
1784,Sweet Tea Pictures LLC
1785,C.O.R.E. Feature Animation
1786,Bold Films
1787,Film Afrika Worldwide
1788,Paramount Vantage
1789,Solana Films
1790,Films & Casting Temple Pvt. Ltd. Sydney
1791,HDNet Films
1792,360 Pictures
1793,CTB Film Company
1794,Magnolia Filmproduktion
1795,Anonymous Content
1796,Hammer & Tongs
1797,Rollercoaster Films
1798,Casey Silver Productions
1799,Vertigo Films
1800,Playtone
1801,Enlightenment Productions
1802,Fandango
1803,Field Guide Films
1804,Louisiana Producers Film Source
1805,Six Entertainment
1806,120dB Films
1807,Hyde Park Entertainment
1808,Color Force
1809,Chromewood Productions
1810,Realitism Films
1811,Magic Light Pictures
1812,Cine Plus
1813,The American Film Company
1814,Snoot Entertainment
1815,Open Road Films (II)
1816,Enticing Entertainment
1817,Carver Films
1818,Semtex Films
1819,No Trace Camping
1820,Slot Machine
1821,Brio Films
1822,Danmarks Radio (DR)
1823,Exclusive Media Group
1824,8383 Productions
1825,Ghost House Pictures
1826,Entertainment One
1827,Cinereach
1828,Monsterfoot Productions
1829,Chase Films
1830,Envision Media Arts
1831,SnowPiercer
1832,Worldview Entertainment
1833,Good Universe
1834,Bellanova Films
1835,Bluegrass Films
1836,Relevant Entertainment
1837,Amber Entertainment
1838,erbp
1839,3311 Productions
1840,Black Bear Pictures
1841,Tonik Productions
1842,Big Screen Productions
1843,Scott Free Productions
1844,Rajkumar Hirani Films
1845,Rustic Films
1846,Fear of God Films
1847,Four Seasons Partnership
1848,Cinelou Films
1849,Hopscotch Features
1850,Code Red
1851,Iconoclast
1852,Gilbert Films
1853,B24
1854,Amasia Entertainment
1855,Sony Pictures Animation
1856,Frenesy Film Company
1857,Two Flints
1858,BN Films
1859,EMA Films
1860,Next Entertainment World
1861,Piki Films
1862,Ipso Facto Productions
1863,"Grisbi Productions, Le"
1864,B Story
1865,Double Nickel Entertainment
1866,Ibid Filmworks
1867,Disruption Entertainment
1868,Salon Pictures
1869,Les Compagnons du Cinéma
1870,Les Films de Pierre
1871,Broken Twig Productions Inc.
1872,STX Films
1873,Goddard Textiles
1874,Lucamar Productions
1875,ShivHans Pictures
1876,CalMaple
1877,2.0 Entertainment
1878,"""Weathering With You"" Film Partners"
1879,Dream Factory Group
1880,Film Poland Productions
1881,Aurora Alliance Films
1882,Electric Panda Entertainment
1883,Roxwell Films
1884,MacGuffin Pictures
1885,Neverending Media
1886,Aristar Entertainment
1887,Embi Productions
1888,Fox Atomic
1889,Film Partner International
1890,Ponty Up Pictures
1891,Marvel Studios
1892,Cloud Atlas Productions
1893,BBL Motion Picture Studios
1894,Lutzus-Brown
1895,Route One Entertainment
1896,i am OTHER
1897,Audax Films
1898,Hidden Empire Film Group (HEFG)
1899,Human Stew Factory
1900,Jhoom Jhoom Productions
1901,Alloy Entertainment
1902,Star Thrower Entertainment
1903,Cave 76
1904,Point Grey Pictures
1905,Proton Cinema
1906,ABS-CBN Film Productions
1907,Bryna Productions
1908,Stephen Friedman/Kings Road Productions
1909,Guardian Trust Company
1910,American Cinema Productions
1911,Bavaria Film
1912,One Way Productions
1913,AVCO Embassy Pictures
1914,F.F. Associates
1915,Mann/Caan Productions
1916,Embassy Pictures
1917,Les Films Galaxie
1918,Aurora
1919,RKO Pictures
1920,Pan Arts
1921,Golan-Globus Productions
1922,Georgetown Productions Inc.
1923,Calendar International Pictures
1924,Lupo-Anthony-Quintano Productions
1925,Heron Productions
1926,Almena Films
1927,IndieProd Company Productions
1928,James Glickenhaus
1929,Accent Films B.V.
1930,Alan Enterprises
1931,National Lampoon
1932,Unity Productions
1933,Celandine Films
1934,Heat GBR
1935,Thorn EMI Screen Entertainment
1936,Phillips Whitehouse Productions
1937,Force Productions
1938,Touchstone Pictures
1939,Chroma III Productions
1940,Edge City Productions
1941,New World Pictures
1942,Arcafin B.V.
1943,Cinesthesia Productions
1944,Georgian-Film
1945,Baltic Industrial Finance
1946,Hawn / Sylbert Movie Company
1947,MPL Communications
1948,Archerwest
1949,HB Filmes
1950,Les Films du Loup
1951,GGG
1952,C.H.U.D. Productions
1953,Delphi II Productions
1954,Almost You
1955,Cinepro
1956,Svensk Filmindustri (SF)
1957,Atlantic
1958,Pressman Productions
1959,Historias Cinematograficas Cinemania
1960,Filmation Associates
1961,Evergreen Film Company
1962,CBS Entertainment Production
1963,Film Four International
1964,Flach Film
1965,Window III Productions
1966,Antonine Films
1967,Capital Equipment Leasing
1968,Marquis
1969,Fringe Dwellers Productions
1970,MTM Enterprises
1971,Simcom Limited
1972,Carolco International N.V.
1973,Col.Ima.Son
1974,Titan Productions
1975,New World Entertainment Films
1976,Morgan Creek Entertainment
1977,The Mount Company
1978,Prominent Features
1979,Laurenfilm
1980,Blue Rider Pictures
1981,Forum Sarajevo
1982,Les Films Christian Fechner
1983,Bigelow Productions
1984,Westwind
1985,Handful of Dust
1986,Jolly Russell Productions
1987,El Deseo
1988,Action Features
1989,Curzon Films
1990,Cinehaus
1991,Cine-Source
1992,Dave Bell Associates
1993,ADC Films
1994,Regency International Pictures
1995,Delphi IV Productions
1996,The Guber-Peters Company
1997,Abramoff Production
1998,New Visions
1999,Management Company Entertainment Group (MCEG)
2000,Malpaso Productions
2001,Hill/Rosenman
2002,Tig Productions
2003,Cinemarque Entertainment
2004,SVS Films
2005,Basilisk Communications
2006,Beacon Communications
2007,Victor Company of Japan (JVC)
2008,A.M.A. Film
2009,Australian Film Finance Corporation (AFFC)
2010,Initial Entertainment Group (IEG)
2011,Califilm
2012,Erato Films
2013,New Visions Pictures
2014,Bakshi Animation
2015,WingNut Films
2016,Encino Man Productions
2017,Lolafilms
2018,Beyond Films
2019,Adventure Pictures
2020,Imperial Entertainment
2021,Atchafalaya
2022,Christopher Columbus Productions
2023,SVT Drama
2024,Alliance Films Corporation
2025,Price Entertainment
2026,Mainline Pictures
2027,Chiodo Brothers Productions
2028,Full Crew/Say Yea
2029,Laughing Kookaburra Productions
2030,Sacher Film
2031,Egg Pictures
2032,Abbas Kiarostami Productions
2033,Santo Domingo Film & Music Video
2034,Annhall
2035,Cecchi Gori Pictures
2036,Allied Stars Ltd.
2037,The Booking Office
2038,Party Productions
2039,Populist Pictures
2040,Farabi Cinema Foundation
2041,Dimension Films
2042,Scott Rudin Productions
2043,Bad Bird Productions
2044,Bruin Grip Services
2045,FM Entertainment International N.V.
2046,Longview Entertainment
2047,Cube Libre
2048,High School Sweethearts
2049,Papazian-Hirsch Entertainment International
2050,ZapPictures
2051,Nimbus Film Productions
2052,Rhino Films
2053,Chaos Productions
2054,Polar Entertainment
2055,Leeds/Ben-Ami Productions
2056,Dreyfuss / James Productions
2057,Franchise Pictures
2058,Clear Blue Sky Productions
2059,Spyglass Entertainment
2060,Elysian Dreams
2061,Woodline Productions
2062,Avery Pix
2063,Avrora Media
2064,Raajkamal Films International
2065,Arte France Cinéma
2066,Nest Family Entertainment
2067,Lumiere Pictures
2068,Bates Entertainment
2069,FGM Entertainment
2070,Engine Film
2071,3 Miles Apart Productions Ltd.
2072,4 Kids Entertainment
2073,Evenstar Films
2074,Seven Arts Pictures
2075,New Oz Productions
2076,Brillstein-Grey Entertainment
2077,Chaiken Films
2078,Tokuma Shoten
2079,Killer Films
2080,Chris Lee Productions
2081,i5 Films
2082,Samuel Goldwyn Films
2083,120 Films
2084,Quinta Communications
2085,Tonic Films
2086,Focus Features
2087,Alphaville Films
2088,BIM Distribuzione
2089,Odeon Films
2090,Epsilon Motion Pictures
2091,Citizen Films
2092,Show East
2093,Media 8 Entertainment
2094,M&M Productions
2095,Bestboy Pictures
2096,Endgame Entertainment
2097,ERBP
2098,Camelot Pictures
2099,Lions Gate Entertainment
2100,Next Entertainment
2101,AITD Productions
2102,IFC Films
2103,Fu Works
2104,Chungeorahm Film
2105,Film Finance
2106,4 1/2 Film
2107,DEJ Productions
2108,Arc Productions
2109,Qwerty Films
2110,Hoot Productions LLC
2111,Celluloid Dreams
2112,Rainforest Films
2113,FortyFour Studios
2114,Picturehouse
2115,Broadway Video
2116,Pathé Renn Productions
2117,Bridgit Folman Film Gang
2118,Yellow Bird
2119,It's a Laugh Productions
2120,CineSon Entertainment
2121,Bronco Productions
2122,Filmax
2123,Porchlight Films
2124,River Road Entertainment
2125,Kick the Machine
2126,Dune Entertainment III
2127,Mediapro
2128,Carousel Productions (II)
2129,Anchor Bay Films
2130,Cottonwood Pictures
2131,Before The Door Pictures
2132,Corsan
2133,Artists Public Domain
2134,Constantin Film International
2135,Bleiberg Entertainment
2136,IM Global
2137,Alliance
2138,Boundscript
2139,Cine Mosaic
2140,Bellwether Pictures
2141,Red Crown Productions
2142,Insurge Pictures
2143,Dog Run Pictures
2144,Appian Way
2145,AR Films
2146,Gravier Productions
2147,Callahan Filmworks
2148,Prana Studios
2149,The Lab of Madness
2150,The Safran Company
2151,Dickhouse Productions
2152,iDeal Partners Film Fund
2153,Open Road Films
2154,Memento Films Production
2155,Sikhya Entertainment
2156,Marvel Entertainment
2157,Unison Films
2158,Kramer & Sigman Films
2159,21 Laps Entertainment
2160,Dentsu
2161,Bullwinkle Studios
2162,LStar Capital
2163,Broad Green Pictures
2164,CG Cinéma
2165,Chongqing Film Group
2166,Blumhouse Productions
2167,Coup d'Etat Films
2168,Cuba Pictures
2169,Laokoon Filmgroup
2170,Maven Pictures
2171,Burk A Project
2172,Cosmo Films
2173,2DUX²
2174,Forecast Pictures
2175,Black Bicycle Entertainment
2176,Imperative Entertainment
2177,Cloud Eight Films
2178,Sumerian Films
2179,Diagonal TV
2180,Chestnut Ridge Productions
2181,Gran Via Productions
2182,LBI Productions
2183,Apartment Story
2184,Beachside Films
2185,Firsttake Entertainment
2186,Warner Animation Group
2187,Kevin Downes Productions
2188,Fabula
2189,Monkeypaw Productions
2190,Savage Productions
2191,Big Talk Productions
2192,KeyEast
2193,Christiano Film Group
2194,Ajay Devgn Ffilms
2195,Beijing Diqi Yinxiang Entertainment
2196,Prowess Pictures
2197,PK 65 Films
2198,Eikon Film
2199,Evolution Entertainment
2200,A Lucky Old Sun Production
2201,Barunson E&A
2202,The Tyler Perry Company
2203,Filmax Entertainment
2204,Green Hat Films
2205,Depth of Field
2206,Bhansali Productions
2207,Toy Fight Productions
2208,Egoli Tossell KLK
2209,Verdi Productions
2210,Diablo Entertainment (II)
2211,Mighty Engine
2212,Kyta Productions
2213,United Artists
2214,IPC Films
2215,Opera Film Produzione
2216,Mulberry Square Productions
2217,Braun Entertainment Group
2218,Kings Road Entertainment
2219,Alive Enterprises
2220,Time Life Films
2221,Broadway Productions
2222,Dino De Laurentiis Company
2223,Santa Fe International
2224,Cannon Group
2225,Limelight Productions (II)
2226,Chai Productions
2227,Company Four
2228,Gray City
2229,Cable and Wireless Finance
2230,Sherwood Productions
2231,Breathless Associates
2232,Aries Cinematográfica Argentina
2233,JF Productions
2234,Acorn Pictures
2235,unknown
2236,Recorded Picture Company (RPC)
2237,Star Cinema
2238,Charles Burnett Productions
2239,Skyewiay
2240,Jethro Films Production
2241,David Foster Productions
2242,Seasonal Film Corporation
2243,Pfeiffer/Blocker Production
2244,Nelvana
2245,Zenith Entertainment
2246,BBE
2247,Balcor Film Investors
2248,Media Ventures
2249,Eurasia Investments
2250,The Rank Organisation
2251,Film Corporation of Kenya
2252,Asher-Grodin Productions
2253,Britannic
2254,Lodestar Productions
2255,ABC Entertainment
2256,Malofilm
2257,Religioso Primitiva
2258,British Film Institute (BFI)
2259,Cannon Screen Entertainment
2260,Meltdown Productions
2261,Cascade Films
2262,L.P. Film
2263,Centurion
2264,Hyperion Pictures
2265,Les Films 13
2266,Natant
2267,Amercent Films
2268,Clear Type
2269,Albacore Productions Inc.
2270,Silent Night Releasing Corporation
2271,DDM Film Corporation
2272,Weintraub Entertainment Group
2273,White Lair
2274,Cinema City Films
2275,New Sky Communications Inc.
2276,Price
2277,Mirabai Films
2278,Beco Films
2279,Renn Productions
2280,Elrina Investment
2281,Allied Filmmakers
2282,Larco Productions
2283,Scotti Brothers Pictures (I)
2284,Canadian International Studios VIII
2285,Gary Sherman Productions
2286,Davros Films
2287,21st Century Film Corporation
2288,Sean S. Cunningham Films
2289,Granada Television
2290,Akira Committee Company Ltd.
2291,Esparza
2292,Concorde Pictures
2293,Nova International Films
2294,Pacific Western
2295,Kodiak Films
2296,Odyssey
2297,Largo Entertainment
2298,Joseph S. Vecchio Entertainment
2299,Pressman Film
2300,Alliance Entertainment
2301,Les Films 21
2302,Feature Film Enterprise II
2303,Initial Films
2304,Geechee Girls
2305,MK2 Productions
2306,Pedro Costa Producciones Cinematográficas
2307,StudioCanal
2308,Mace Neufeld Productions
2309,Ascot Film
2310,Consejo Nacional para la Cultura y las Artes (CONACULTA)
2311,Demi-Monde Productions
2312,F2
2313,Vision International
2314,B.A. Produktion
2315,Wildwood Enterprises
2316,Steve White Productions
2317,Les Productions Lazennec
2318,Bregman/Baer Productions
2319,Savoy Pictures
2320,Vegahom Europe
2321,Audifilm
2322,Aim
2323,Studio Trite
2324,JDI Productions
2325,Amblimation
2326,Union Générale Cinématographique (UGC)
2327,Kopelson Entertainment
2328,Doug Liman Productions
2329,Dacia Films
2330,Boneyard Film Company Inc.
2331,Dimitri Villard Productions
2332,Connection III Entertainment
2333,Golar Productions
2334,Redwave Films
2335,Block 2 Pictures
2336,DC Entertainment
2337,Plump Fiction LLC
2338,All Net Productions
2339,Joel Castleberg Productions
2340,Midwinter Productions Inc.
2341,Intermedia Films
2342,X-Filme Creative Pool
2343,HSX Films
2344,ARP Sélection
2345,Rhombus Media
2346,Oriental Light and Magic (OLM)
2347,Enchanter Entertainment
2348,HK Film Corporation
2349,Jack Giarraputo Productions
2350,Pathé Pictures International
2351,ETIC Films
2352,Mutual Film Company
2353,Cherry Alley Productions
2354,Compulsion Inc.
2355,Revelations Entertainment
2356,double A Films
2357,Animal Productions LLC
2358,Three Rivers Production
2359,Saban Entertainment
2360,Cecchi Gori Europa N.V.
2361,Donner/Shuler-Donner Productions
2362,Guys Upstairs
2363,Seraphim Films
2364,United Artists Pictures
2365,BBC Scotland
2366,Jasmine Productions Inc.
2367,Agenda
2368,Chinese Bookie Pictures
2369,Winslow Partners Ltd.
2370,FX Sound
2371,Coproduction Office
2372,Cort/Madden Productions
2373,Daiei Eiga
2374,Winkler Films
2375,Manic LLC
2376,Lost Soul Productions
2377,Greisman Productions
2378,4k Films
2379,R.P. Productions
2380,Slough Pond
2381,25th Hour Productions
2382,Cherry Sky Films
2383,98 MPH Productions
2384,2 Loop Films
2385,Scottish Screen
2386,United Artists Film Corporation
2387,Material
2388,Alta Films
2389,Marvel Enterprises
2390,Archer Street Productions
2391,Gray Daisy Films
2392,SenArt Films
2393,Asmik Ace Entertainment
2394,Rogue Pictures
2395,Eulogy Productions LLC
2396,Kang Je-Kyu Film Co. Ltd.
2397,Bergman Lustig Productions
2398,Conundrum Entertainment
2399,Crunk Pictures
2400,Prime Film Productions LLC
2401,Wiedemann & Berg Filmproduktion
2402,Lionsgate
2403,Last Holiday Productions
2404,Pierpoline Films
2405,4Kids Entertainment
2406,Avi Arad & Associates
2407,2.4.7. Films
2408,Have No Fear Productions
2409,Artfire Films
2410,Gainax
2411,Iberville Productions
2412,Matten Productions
2413,Mosaic
2414,Shocking Bottle
2415,Blue Sky Studios
2416,Goodspeed Productions
2417,Purple Pictures
2418,Beijing Film Studio
2419,Number 9 Films
2420,Lucasfilm Animation
2421,Babylon
2422,Sahamongkol Film International
2423,LightWave Entertainment
2424,Lago Film
2425,Vinod Chopra Productions
2426,The Halcyon Company
2427,Fidélité Films
2428,Boo Productions
2429,LD Entertainment
2430,Barbarian Films
2431,Scion Films
2432,Bombshell Pictures
2433,Reliance Big Pictures
2434,Filmkameratene A/S
2435,Omega Entertainment
2436,Tre Vänner Produktion AB
2437,Screen Australia
2438,Pt. Merantau Films
2439,Cliffjack Motion Pictures
2440,Six Entertainment Company
2441,Reprisal Films
2442,Mandalay Vision
2443,Les Films du Lendemain
2444,Total Recall
2445,A Hot Dog
2446,Foresight Unlimited
2447,Brothers K Productions
2448,Headline Pictures
2449,Lucky Monkey Pictures
2450,Faliro House Productions
2451,Chockstone Pictures
2452,Alcove Entertainment
2453,Process Media
2454,Sanai Pictures
2455,Les Films Séville
2456,Black Entertainment Television (BET)
2457,Lagniappe Films
2458,Film 4
2459,Stoney Lake Entertainment
2460,RatPac-Dune Entertainment
2461,Les Films du Fleuve
2462,Disneytoon Studios
2463,Altar Identity Studios
2464,Waverly Films
2465,Gotham Group
2466,Panorama Studios
2467,Covert Media
2468,Screen NSW
2469,Big Indie Pictures
2470,Heyday Films
2471,Amazon Studios
2472,Desert Wolf Productions
2473,Greater Productions
2474,Panorama Films
2475,Artists First
2476,Fuego Films
2477,ADHM Films
2478,Wigwam Films
2479,Syncopy
2480,Paulilu Productions
2481,Los Angeles Media Fund (LAMF)
2482,Butler Pictures
2483,Ways & Means
2484,Avi Arad Productions
2485,Vendian Entertainment
2486,Pine House Film
2487,Alcatraz Films
2488,Likely Story
2489,The Ink Factory
2490,Legend3D
2491,Film Capital Stockholm
2492,Atlantic Records
2493,Bake My Cake Films
2494,Filmmaker R&K
2495,Sunrise
2496,Premiere Picture
2497,7DM Studios
2498,Junglee Pictures
2499,Kolipoki Pictures
2500,Dow Jazz Films
2501,Infinity Features Entertainment
2502,Marv Films
2503,Bayview Films
2504,Marcy Media
2505,Reel FX Creative Studios
2506,Astute Films
2507,Aquarius Films
2508,Skydance Media
2509,Cape of Good Films
2510,Luv Films
2511,AVA Films & Entertainment
2512,Skypass Entertainment
2513,Space Rocket Nation
2514,Lucasfilm
2515,Dovemead Films
2516,Metro-Goldwyn-Mayer (MGM)
2517,Chuck Barris Productions
2518,Walt Disney Animation Studios
2519,Lija Productions
2520,Lee Mendelson Film Productions
2521,Borough Park Productions
2522,Da.Ma. Cinematografica
2523,Polygram Pictures
2524,Kennedy Miller Productions
2525,Canadian Film Development Corporation (CFDC)
2526,Jaquet
2527,VAE Productions
2528,Embassy International Pictures
2529,Sorcerer Productions
2530,Aspen Film Society
2531,S.F.P.C.
2532,Channel Four Film
2533,Adam Packer Film Productions
2534,Filmplan International
2535,Seagoat Films
2536,Edward S. Feldman Productions
2537,Eagle Associates.
2538,1818 Productions
2539,National Film Trustee Company
2540,Millenium
2541,Hickmar Productions
2542,City Films
2543,De Laurentiis Entertainment Group (DEG)
2544,Les Productions Mutuelles Ltée
2545,Seventh Avenue Films
2546,Metrocolor
2547,Filmline Productions
2548,Bachelor Party Productions
2549,Nibariki
2550,Gomillion Studios
2551,Christel Films
2552,Tartan Productions
2553,Working Title Films
2554,Trans World Entertainment (TWE)
2555,Centar Film
2556,ITM Productions
2557,Columbia Films
2558,Films RSL
2559,Angeles
2560,Lawrence Gordon Productions
2561,Lorimar Film Partners
2562,Virgin Vision
2563,Gladden Entertainment
2564,Compact Yellowbill
2565,Fons Rademakers Produktie
2566,Act III Communications
2567,New Century Entertainment
2568,Finnegan/Pinchuk Productions
2569,Filmhaus
2570,Carolco Pictures
2571,Bagdasarian Productions
2572,Conquering Unicorn
2573,Compagnie Eric Rohmer (CER)
2574,The Vista Organisation
2575,RAI Radiotelevisione Italiana
2576,Cristaldifilm
2577,Palace Pictures
2578,Cornelius Productions
2579,Eddie Murphy Productions
2580,Allarts
2581,Cinecorp SAC
2582,Troma Entertainment
2583,Reteitalia
2584,In-Gear Film
2585,"Jackson/McHenry Company,The"
2586,Sovereign Pictures
2587,Caméra One
2588,Brigand Films
2589,Hibiscus Films
2590,Home Box Office (HBO)
2591,Gracie Films
2592,Art Linson Productions
2593,David Blocker Productions
2594,National Film Board of Canada (NFB)
2595,Nippon Television Network (NTV)
2596,Capella International
2597,Hivemind
2598,Raffaella Productions
2599,Numero Uno International
2600,American Zoetrope
2601,Avnet/Kerner Productions
2602,Turner Pictures (I)
2603,Alcor Films
2604,Dark Horse Entertainment
2605,Northern Lights Entertainment
2606,Animatógrafo
2607,Thelma Film AG
2608,Thin Man Films
2609,Film Andes S.A.
2610,Knickerbocker Films
2611,Fine Line Features
2612,CNCAIMC
2613,Dorset Productions
2614,Raffaella De Laurentiis Productions
2615,Spring Creek Productions
2616,Communicado Productions
2617,Aleph Producciones S.A.
2618,Etalon Film
2619,Motion Picture Corporation of America (MPCA)
2620,Broadway Pictures
2621,Antibes Inc.
2622,Good Machine
2623,New Regency Productions
2624,Pandora Filmproduktion
2625,A Band Apart
2626,Greek Film Center
2627,Bergen
2628,Astoria Films
2629,.406 Production
2630,Cappa Production
2631,Mandalay Entertainment
2632,McFarlane Films
2633,Phoenix Pictures
2634,Buena Vista International Film Production (Germany)
2635,Fear and Loathing LLC
2636,Mystery Clock Cinema
2637,Next Wave Films
2638,Zucker Brothers Productions
2639,Gemini Films
2640,Jaffilms
2641,Big Dog Films
2642,Zentropa Entertainments
2643,Cruise/Wagner Productions
2644,Monarch Pictures
2645,J & M
2646,Bona Fide Productions
2647,Dark Castle Entertainment
2648,Screen Gems
2649,Senator Film Produktion
2650,Marked Entertainment
2651,49th Parallel Productions
2652,Figment Films
2653,Opera Film (II)
2654,Bel Air Entertainment
2655,1+2 Seisaku Iinkai
2656,El Mar Pictures
2657,Boneyard Entertainment
2658,Daly-Harris Productions
2659,Central Motion Pictures
2660,Gramercy Pictures (I)
2661,Cinergi Pictures Entertainment
2662,Jones Entertainment Group
2663,Good Film Company
2664,Forge
2665,Fade In Films
2666,FilmColony
2667,La Sept-Arte
2668,Destination Films
2669,Harvest Filmworks
2670,Revolution Studios
2671,Claudie Ossard Productions
2672,Metropolitan Filmexport
2673,Aamir Khan Productions
2674,Typhoon
2675,EuropaCorp
2676,Edko Films
2677,CJ Entertainment
2678,Silver Sphere Corporation
2679,South Pacific Pictures
2680,Blockbuster Films
2681,"Morra, Brezner, Steinberg and Tenenbaum Entertainment (MBST)"
2682,Alliance Atlantis Motion Picture Production
2683,Lynda Obst Productions
2684,Plunge Pictures LLC
2685,Les Armateurs
2686,Asahi National Broadcasting Company
2687,The Film Consortium
2688,BiBi Film
2689,International West Pictures (IWP)
2690,Klasky-Csupo
2691,American Entertainment Investors
2692,Forward Pass
2693,Apocalypso Pictures
2694,Strike Entertainment
2695,Sogepaq
2696,Yash Raj Films
2697,Studio 4°C
2698,Twisted Pictures
2699,Entertainment Manufacturing Company
2700,Inferno Distribution
2701,Sahamongkolfilm Co.
2702,Vanguard Films and Animation
2703,Bull's Eye Entertainment
2704,THINKFilm
2705,Trésor Films
2706,Victoires International
2707,ArieScope Pictures
2708,Carsey-Werner Company
2709,The Ultimate Gift LLC
2710,Yari Film Group Releasing
2711,New Zealand Film Commission
2712,Apatow Productions
2713,Relativity Media
2714,Balthazar Productions
2715,Wild Bunch
2716,EFTI
2717,Studio Ghibli
2718,Overture Films
2719,Geetha Arts
2720,Senator Entertainment Co
2721,Yari Film Group (YFG)
2722,Cinema Libre Studio
2723,Echo Lake Entertainment
2724,Imagi Animation Studios
2725,FilmDistrict
2726,micro_scope
2727,Incentive Filmed Entertainment
2728,Overnight Films
2729,Audiovisual Aval SGR
2730,A Bigger Boat
2731,Menageatroz
2732,Annapurna Productions
2733,Eros Worldwide
2734,Omnilab Media
2735,Preferred Content
2736,Joe's Daughter
2737,Process Film
2738,Informant Media
2739,Rohfilm
2740,Arcade Pictures
2741,Mandarin Films
2742,Red Granite Pictures
2743,Annapurna Pictures
2744,Aggregate Films
2745,Sycamore Pictures
2746,Prettybird
2747,See-Saw Films
2748,China Film Group Corporation (CFGC)
2749,Media Pro Pictures
2750,After Dark Films
2751,Gulfstream Pictures
2752,SModcast Pictures
2753,Genre Films
2754,Warner Bros. Digital Distribution
2755,Apartment Two
2756,Subzero Film Entertainment
2757,Plattform Produktion
2758,Rook Films
2759,Parts and Labor
2760,PalmStar Media
2761,BRON Studios
2762,Paris Film
2763,MWM Studios
2764,Buena Vista Negative Cutting
2765,Fineworks
2766,Keep Your Head
2767,Nicholas Sparks Productions
2768,George Films
2769,Cine Bazar
2770,Storm Vision Entertainment
2771,Fermion Films
2772,Everything Is Everything
2773,Animal Logic
2774,Awesomeness Films
2775,Buckeye Pictures
2776,Pantelion Films
2777,Mooz Films
2778,Causeway Films
2779,Archer Gray
2780,June Pictures
2781,Big Cat Productions
2782,Nordisk Film Production Sverige AB
2783,Decibel Films
2784,Millennium Media
2785,Mimran Schur Pictures
2786,GoldDay
2787,Amusement Park Films
2788,Material Pictures
2789,Nasser Group
2790,Palomar
2791,Hicktown Entertainment
2792,Visual Arts Entertainment
2793,Studio NuT
2794,20th Century Studios
2795,Becker Films
2796,Mockingbird Pictures
2797,Vivendi Entertainment
2798,Josephson Entertainment
2799,Studio 37
2800,Hurwitz Creative
2801,Votiv Films
2802,A24
2803,Verisimilitude
2804,RADiUS-TWC
2805,Lava Bear Films
2806,Pyramania
2807,Astrakan Films
2808,AI-Film
2809,Fingerprint Releasing
2810,Dayday Films
2811,Filmgalerie 451
2812,Atomic Monster
2813,End Cue
2814,CorradoMooncoin
2815,Affirm Films
2816,Give Me Liberty
